year,month,day,time,hour,date,date_posix,lat,lon,daily_solarexp,daily_rainfall,daily_maxtemp,male_az,sun_al,sun_az,offset,condition
2019,9,26,801,800,19/9/26,26/9/19 8:01,-33.35748,151.50173,14.5,0,23.6,59,28.14,70.66,12,cloud
2019,9,26,811,800,19/9/26,26/9/19 8:11,-33.35748,151.50173,14.5,0,23.6,89,30.1,68.88,20,cloud
2019,9,26,820,800,19/9/26,26/9/19 8:20,-33.35748,151.50173,14.5,0,23.6,108,31.84,67.23,41,cloud
2019,9,26,834,900,19/9/26,26/9/19 8:34,-33.35748,151.50173,14.5,0,23.6,251,34.52,64.52,174,cloud
2019,9,26,840,900,19/9/26,26/9/19 8:40,-33.35748,151.50173,14.5,0,23.6,294,35.64,63.31,129,cloud
2019,9,26,909,900,19/9/26,26/9/19 9:09,-33.35748,151.50173,14.5,0,23.6,122,40.9,56.95,65,cloud
2019,9,26,927,900,19/9/26,26/9/19 9:27,-33.35748,151.50173,14.5,0,23.6,261,43.97,52.49,151,cloud
2019,9,26,934,1000,19/9/26,26/9/19 9:34,-33.35748,151.50173,14.5,0,23.6,45,45.12,50.63,6,cloud
2019,9,26,945,1000,19/9/26,26/9/19 9:45,-33.35748,151.50173,14.5,0,23.6,142,46.86,47.56,94,cloud
2019,9,26,947,1000,19/9/26,26/9/19 9:47,-33.35748,151.50173,14.5,0,23.6,14,47.17,46.99,33,cloud
2019,9,26,949,1000,19/9/26,26/9/19 9:49,-33.35748,151.50173,14.5,0,23.6,238,47.47,46.4,168,cloud
2019,9,26,1012,1000,19/9/26,26/9/19 10:12,-33.35748,151.50173,14.5,0,23.6,265,50.74,39.17,134,cloud
2019,9,26,1019,1000,19/9/26,26/9/19 10:19,-33.35748,151.50173,14.5,0,23.6,241,51.64,36.77,156,cloud
2019,9,26,1020,1000,19/9/26,26/9/19 10:20,-33.35748,151.50173,14.5,0,23.6,55,51.77,36.42,19,cloud
2019,9,26,1025,1000,19/9/26,26/9/19 10:25,-33.35748,151.50173,14.5,0,23.6,39,52.38,34.65,4,cloud
2019,9,26,1040,1100,19/9/26,26/9/19 10:40,-33.35748,151.50173,14.5,0,23.6,156,54.03,29.03,127,cloud
2019,9,26,1049,1100,19/9/26,26/9/19 10:49,-33.35748,151.50173,14.5,0,23.6,97,54.9,25.45,72,cloud
2019,9,26,1054,1100,19/9/26,26/9/19 10:54,-33.35748,151.50173,14.5,0,23.6,326,55.33,23.4,57,cloud
2019,9,26,1055,1100,19/9/26,26/9/19 10:55,-33.35748,151.50173,14.5,0,23.6,331,55.41,22.99,52,cloud
2019,9,26,1057,1100,19/9/26,26/9/19 10:57,-33.35748,151.50173,14.5,0,23.6,117,55.57,22.15,95,cloud
2019,9,26,1108,1100,19/9/26,26/9/19 11:08,-33.35748,151.50173,14.5,0,23.6,348,56.35,17.44,29,cloud
2019,9,26,1121,1100,19/9/26,26/9/19 11:21,-33.35748,151.50173,14.5,0,23.6,193,57.04,11.65,179,cloud
2019,9,26,1123,1100,19/9/26,26/9/19 11:23,-33.35748,151.50173,14.5,0,23.6,153,57.12,10.74,142,cloud
2019,9,26,1124,1100,19/9/26,26/9/19 11:24,-33.35748,151.50173,14.5,0,23.6,52,57.16,10.28,42,cloud
2019,9,26,1128,1100,19/9/26,26/9/19 11:28,-33.35748,151.50173,14.5,0,23.6,49,57.3,8.45,41,cloud
2019,9,26,1129,1100,19/9/26,26/9/19 11:29,-33.35748,151.50173,14.5,0,23.6,308,57.33,7.99,60,cloud
2019,9,26,1131,1200,19/9/26,26/9/19 11:31,-33.35748,151.50173,14.5,0,23.6,76,57.38,7.07,69,cloud
2019,9,26,1146,1200,19/9/26,26/9/19 11:46,-33.35748,151.50173,14.5,0,23.6,66,57.58,0.1,66,cloud
2019,9,26,1148,1200,19/9/26,26/9/19 11:48,-33.35748,151.50173,14.5,0,23.6,262,57.58,359.17,97,cloud
2019,9,26,1157,1200,19/9/26,26/9/19 11:57,-33.35748,151.50173,14.5,0,23.6,234,57.49,354.98,121,cloud
2019,9,26,1210,1200,19/9/26,26/9/19 12:10,-33.35748,151.50173,14.5,0,23.6,354,57.11,349,5,cloud
2019,9,26,1216,1200,19/9/26,26/9/19 12:16,-33.35748,151.50173,14.5,0,23.6,122,56.85,346.29,136,cloud
2019,9,26,1217,1200,19/9/26,26/9/19 12:17,-33.35748,151.50173,14.5,0,23.6,271,56.8,345.85,75,cloud
2019,9,26,1222,1200,19/9/26,26/9/19 12:22,-33.35748,151.50173,14.5,0,23.6,321,56.52,343.63,23,cloud
2019,9,26,1233,1300,19/9/26,26/9/19 12:33,-33.35748,151.50173,14.5,0,23.6,252,55.79,338.87,87,cloud
2019,9,26,1234,1300,19/9/26,26/9/19 12:34,-33.35748,151.50173,14.5,0,23.6,30,55.71,338.44,52,cloud
2019,9,26,1246,1300,19/9/26,26/9/19 12:46,-33.35748,151.50173,14.5,0,23.6,291,54.69,333.5,43,cloud
2019,9,26,1321,1300,19/9/26,26/9/19 13:21,-33.35748,151.50173,14.5,0,23.6,295,50.71,320.6,26,cloud
2019,9,26,1323,1300,19/9/26,26/9/19 13:23,-33.35748,151.50173,14.5,0,23.6,21,50.45,319.94,61,cloud
2019,9,26,1327,1300,19/9/26,26/9/19 13:27,-33.35748,151.50173,14.5,0,23.6,72,49.9,318.63,113,cloud
2019,9,26,1334,1400,19/9/26,26/9/19 13:34,-33.35748,151.50173,14.5,0,23.6,299,48.92,316.4,17,cloud
2019,9,26,1344,1400,19/9/26,26/9/19 13:44,-33.35748,151.50173,14.5,0,23.6,161,47.44,313.38,152,cloud
2019,9,26,1345,1400,19/9/26,26/9/19 13:45,-33.35748,151.50173,14.5,0,23.6,137,47.29,313.09,176,cloud
2019,9,26,1402,1400,19/9/26,26/9/19 14:02,-33.35748,151.50173,14.5,0,23.6,76,44.6,308.35,128,cloud
2019,9,26,1404,1400,19/9/26,26/9/19 14:04,-33.35748,151.50173,14.5,0,23.6,56,44.27,307.82,108,cloud
2019,9,26,1410,1400,19/9/26,26/9/19 14:10,-33.35748,151.50173,14.5,0,23.6,68,43.27,306.27,122,cloud
2019,9,26,1418,1400,19/9/26,26/9/19 14:18,-33.35748,151.50173,14.5,0,23.6,300,41.91,304.28,4,cloud
2019,9,26,1424,1400,19/9/26,26/9/19 14:24,-33.35748,151.50173,14.5,0,23.6,90,40.86,302.84,147,cloud
2019,9,26,1440,1500,19/9/26,26/9/19 14:40,-33.35748,151.50173,14.5,0,23.6,83,38,299.22,144,cloud
2019,9,26,1441,1500,19/9/26,26/9/19 14:41,-33.35748,151.50173,14.5,0,23.6,37,37.82,299.01,98,cloud
2019,9,26,1442,1500,19/9/26,26/9/19 14:42,-33.35748,151.50173,14.5,0,23.6,104,37.64,298.79,165,cloud
2019,9,26,1444,1500,19/9/26,26/9/19 14:44,-33.35748,151.50173,14.5,0,23.6,148,37.27,298.36,150,cloud
2019,9,26,1447,1500,19/9/26,26/9/19 14:47,-33.35748,151.50173,14.5,0,23.6,111,36.72,297.73,173,cloud
2019,9,26,1448,1500,19/9/26,26/9/19 14:48,-33.35748,151.50173,14.5,0,23.6,154,36.54,297.52,144,cloud
2019,9,26,1449,1500,19/9/26,26/9/19 14:49,-33.35748,151.50173,14.5,0,23.6,153,36.35,297.31,144,cloud
2019,9,26,1508,1500,19/9/26,26/9/19 15:08,-33.35748,151.50173,14.5,0,23.6,78,32.77,293.52,144,cloud
2019,9,26,1533,1600,19/9/26,26/9/19 15:33,-33.35748,151.50173,14.5,0,23.6,292,27.91,288.96,3,cloud
2019,9,26,1534,1600,19/9/26,26/9/19 15:34,-33.35748,151.50173,14.5,0,23.6,144,27.71,288.79,145,cloud
2019,9,26,1538,1600,19/9/26,26/9/19 15:38,-33.35748,151.50173,14.5,0,23.6,102,26.92,288.1,174,cloud
2019,9,26,1540,1600,19/9/26,26/9/19 15:40,-33.35748,151.50173,14.5,0,23.6,66,26.52,287.76,138,cloud
2019,9,26,1551,1600,19/9/26,26/9/19 15:51,-33.35748,151.50173,14.5,0,23.6,216,24.32,285.93,70,cloud
2019,9,26,1554,1600,19/9/26,26/9/19 15:54,-33.35748,151.50173,14.5,0,23.6,257,23.72,285.44,28,cloud
2019,9,26,1609,1600,19/9/26,26/9/19 16:09,-33.35748,151.50173,14.5,0,23.6,187,20.69,283.06,96,cloud
2019,9,26,1616,1600,19/9/26,26/9/19 16:16,-33.35748,151.50173,14.5,0,23.6,258,19.26,281.98,24,cloud
2019,9,26,1623,1600,19/9/26,26/9/19 16:23,-33.35748,151.50173,14.5,0,23.6,213,17.83,280.92,68,cloud
2019,9,26,1626,1600,19/9/26,26/9/19 16:26,-33.35748,151.50173,14.5,0,23.6,328,17.21,280.47,48,cloud
2019,9,26,1630,1600,19/9/26,26/9/19 16:34,-33.35748,151.50173,14.5,0,23.6,227,15.57,279.28,52,cloud
2019,9,30,800,800,19/9/30,30/9/19 8:00,-33.35748,151.50173,10.9,0,18.5,284,29.16,72,148,cloud
2019,9,30,821,800,19/9/30,30/9/19 8:21,-33.35748,151.50173,10.9,0,18.5,306,33.29,68.21,122,cloud
2019,9,30,822,800,19/9/30,30/9/19 8:22,-33.35748,151.50173,10.9,0,18.5,286,33.48,68.02,142,cloud
2019,9,30,824,800,19/9/30,30/9/19 8:24,-33.35748,151.50173,10.9,0,18.5,324,33.87,67.64,104,cloud
2019,9,30,831,900,19/9/30,30/9/19 8:31,-33.35748,151.50173,10.9,0,18.5,18,35.22,66.29,48,cloud
2019,9,30,833,900,19/9/30,30/9/19 8:33,-33.35748,151.50173,10.9,0,18.5,308,35.6,65.89,118,cloud
2019,9,30,834,900,19/9/30,30/9/19 8:34,-33.35748,151.50173,10.9,0,18.5,128,35.79,65.7,62,cloud
2019,9,30,834,900,19/9/30,30/9/19 8:34,-33.35748,151.50173,10.9,0,18.5,29,35.79,65.7,37,cloud
2019,9,30,837,900,19/9/30,30/9/19 8:37,-33.35748,151.50173,10.9,0,18.5,254,36.36,65.09,171,cloud
2019,9,30,854,900,19/9/30,30/9/19 8:54,-33.35748,151.50173,10.9,0,18.5,216,39.53,61.52,154,cloud
2019,9,30,855,900,19/9/30,30/9/19 8:55,-33.35748,151.50173,10.9,0,18.5,8,39.72,61.3,53,cloud
2019,9,30,858,900,19/9/30,30/9/19 8:58,-33.35748,151.50173,10.9,0,18.5,241,40.27,60.63,180,cloud
2019,9,30,901,900,19/9/30,30/9/19 9:01,-33.35748,151.50173,10.9,0,18.5,248,40.81,59.95,172,cloud
2019,9,30,901,900,19/9/30,30/9/19 9:01,-33.35748,151.50173,10.9,0,18.5,269,40.81,59.95,151,cloud
2019,9,30,911,900,19/9/30,30/9/19 9:11,-33.35748,151.50173,10.9,0,18.5,68,42.6,57.61,10,cloud
2019,9,30,913,900,19/9/30,30/9/19 9:13,-33.35748,151.50173,10.9,0,18.5,183,42.95,57.13,126,cloud
2019,9,30,916,900,19/9/30,30/9/19 9:16,-33.35748,151.50173,10.9,0,18.5,357,43.48,56.4,59,cloud
2019,9,30,918,900,19/9/30,30/9/19 9:18,-33.35748,151.50173,10.9,0,18.5,269,43.82,55.9,147,cloud
2019,9,30,919,900,19/9/30,30/9/19 9:19,-33.35748,151.50173,10.9,0,18.5,206,44,55.65,150,cloud
2019,9,30,922,900,19/9/30,30/9/19 9:22,-33.35748,151.50173,10.9,0,18.5,147,44.51,54.89,92,cloud
2019,9,30,928,900,19/9/30,30/9/19 9:28,-33.35748,151.50173,10.9,0,18.5,40,45.53,53.33,13,cloud
2019,9,30,931,1000,19/9/30,30/9/19 9:31,-33.35748,151.50173,10.9,0,18.5,351,46.03,52.53,62,cloud
2019,9,30,937,1000,19/9/30,30/9/19 9:37,-33.35748,151.50173,10.9,0,18.5,249,47.01,50.89,162,cloud
2019,9,30,940,1000,19/9/30,30/9/19 9:40,-33.35748,151.50173,10.9,0,18.5,186,47.5,50.05,136,cloud
2019,9,30,942,1000,19/9/30,30/9/19 9:42,-33.35748,151.50173,10.9,0,18.5,180,47.82,49.48,131,cloud
2019,9,30,955,1000,19/9/30,30/9/19 9:55,-33.35748,151.50173,10.9,0,18.5,142,49.82,45.6,96,cloud
2019,9,30,957,1000,19/9/30,30/9/19 9:57,-33.35748,151.50173,10.9,0,18.5,99,50.12,44.97,54,cloud
2019,9,30,957,1000,19/9/30,30/9/19 9:57,-33.35748,151.50173,10.9,0,18.5,123,50.12,44.97,78,cloud
2019,9,30,1021,1000,19/9/30,30/9/19 10:21,-33.35748,151.50173,10.9,0,18.5,337,53.41,36.86,60,cloud
2019,9,30,1036,1100,19/9/30,30/9/19 10:36,-33.35748,151.50173,10.9,0,18.5,316,55.17,31.19,75,cloud
2019,9,30,1040,1100,19/9/30,30/9/19 10:40,-33.35748,151.50173,10.9,0,18.5,92,55.59,29.6,62,cloud
2019,9,30,1043,1100,19/9/30,30/9/19 10:43,-33.35748,151.50173,10.9,0,18.5,254,55.9,28.38,134,cloud
2019,9,30,1044,1100,19/9/30,30/9/19 10:44,-33.35748,151.50173,10.9,0,18.5,215,56,27.97,173,cloud
2019,9,30,1046,1100,19/9/30,30/9/19 10:46,-33.35748,151.50173,10.9,0,18.5,19,56.19,27.14,8,cloud
2019,9,30,1102,1100,19/9/30,30/9/19 11:02,-33.35748,151.50173,10.9,0,18.5,297,57.54,20.26,83,cloud
2019,9,30,1111,1100,19/9/30,30/9/19 11:11,-33.35748,151.50173,10.9,0,18.5,286,58.13,16.18,90,cloud
2019,9,30,1116,1100,19/9/30,30/9/19 11:16,-33.35748,151.50173,10.9,0,18.5,276,58.4,13.86,98,cloud
2019,9,30,1122,1100,19/9/30,30/9/19 11:22,-33.35748,151.50173,10.9,0,18.5,323,58.67,11.04,48,cloud
2019,9,30,1129,1100,19/9/30,30/9/19 11:29,-33.35748,151.50173,10.9,0,18.5,275,58.91,7.69,93,cloud
2019,9,30,1144,1200,19/9/30,30/9/19 11:44,-33.35748,151.50173,10.9,0,18.5,0,59.14,0.42,0,cloud
2019,9,30,1146,1200,19/9/30,30/9/19 11:46,-33.35748,151.50173,10.9,0,18.5,341,59.14,359.45,18,cloud
2019,9,30,1148,1200,19/9/30,30/9/19 11:48,-33.35748,151.50173,10.9,0,18.5,223,59.13,358.47,135,cloud
2019,9,30,1154,1200,19/9/30,30/9/19 11:54,-33.35748,151.50173,10.9,0,18.5,120,59.07,355.56,124,cloud
2019,9,30,1202,1200,19/9/30,30/9/19 12:02,-33.35748,151.50173,10.9,0,18.5,158,58.89,351.7,166,cloud
2019,9,30,1206,1200,19/9/30,30/9/19 12:06,-33.35748,151.50173,10.9,0,18.5,218,58.75,349.78,132,cloud
2019,9,30,1217,1200,19/9/30,30/9/19 12:17,-33.35748,151.50173,10.9,0,18.5,45,58.25,344.61,60,cloud
2019,9,30,1223,1200,19/9/30,30/9/19 12:23,-33.35748,151.50173,10.9,0,18.5,107,57.89,341.86,125,cloud
2019,9,30,1224,1200,19/9/30,30/9/19 12:24,-33.35748,151.50173,10.9,0,18.5,99,57.82,341.41,118,cloud
2019,9,30,1232,1300,19/9/30,30/9/19 12:32,-33.35748,151.50173,10.9,0,18.5,279,57.24,337.85,59,cloud
2019,9,30,1243,1300,19/9/30,30/9/19 12:43,-33.35748,151.50173,10.9,0,18.5,150,56.29,333.14,177,cloud
2019,9,30,1245,1300,19/9/30,30/9/19 12:45,-33.35748,151.50173,10.9,0,18.5,189,56.1,332.31,143,cloud
2019,9,30,1247,1300,19/9/30,30/9/19 12:47,-33.35748,151.50173,10.9,0,18.5,204,55.9,331.49,127,cloud
2019,9,30,1248,1300,19/9/30,30/9/19 12:48,-33.35748,151.50173,10.9,0,18.5,143,55.8,331.08,172,cloud
2019,9,30,1250,1300,19/9/30,30/9/19 12:50,-33.35748,151.50173,10.9,0,18.5,199,55.6,330.27,131,cloud
2019,9,30,1252,1300,19/9/30,30/9/19 12:52,-33.35748,151.50173,10.9,0,18.5,205,55.39,329.47,124,cloud
2019,9,30,1306,1300,19/9/30,30/9/19 13:06,-33.35748,151.50173,10.9,0,18.5,102,53.79,324.1,138,cloud
2019,9,30,1307,1300,19/9/30,30/9/19 13:07,-33.35748,151.50173,10.9,0,18.5,224,53.67,323.73,100,cloud
2019,9,30,1308,1300,19/9/30,30/9/19 13:08,-33.35748,151.50173,10.9,0,18.5,39,53.54,323.37,76,cloud
2019,9,30,1309,1300,19/9/30,30/9/19 13:09,-33.35748,151.50173,10.9,0,18.5,217,53.42,323,106,cloud
2019,9,30,1325,1300,19/9/30,30/9/19 13:25,-33.35748,151.50173,10.9,0,18.5,140,51.28,317.47,177,cloud
2019,9,30,1329,1300,19/9/30,30/9/19 13:29,-33.35748,151.50173,10.9,0,18.5,287,50.71,316.16,29,cloud
2019,9,30,1333,1400,19/9/30,30/9/19 13:33,-33.35748,151.50173,10.9,0,18.5,47,50.13,314.89,92,cloud
2019,9,30,1337,1400,19/9/30,30/9/19 13:37,-33.35748,151.50173,10.9,0,18.5,13,49.53,313.65,59,cloud
2019,9,30,1341,1400,19/9/30,30/9/19 13:41,-33.35748,151.50173,10.9,0,18.5,218,48.92,312.44,94,cloud
2019,9,30,1347,1400,19/9/30,30/9/19 13:47,-33.35748,151.50173,10.9,0,18.5,240,47.98,310.67,71,cloud
2019,9,30,1349,1400,19/9/30,30/9/19 13:49,-33.35748,151.50173,10.9,0,18.5,337,47.67,310.1,27,cloud
2019,9,30,1409,1400,19/9/30,30/9/19 14:09,-33.35748,151.50173,10.9,0,18.5,16,44.35,304.71,71,cloud
2019,9,30,1410,1400,19/9/30,30/9/19 14:10,-33.35748,151.50173,10.9,0,18.5,62,44.18,304.46,118,cloud
2019,9,30,1411,1400,19/9/30,30/9/19 14:11,-33.35748,151.50173,10.9,0,18.5,54,44.01,304.21,110,cloud
2019,9,30,1416,1400,19/9/30,30/9/19 14:16,-33.35748,151.50173,10.9,0,18.5,230,43.14,302.97,73,cloud
2019,9,30,1426,1400,19/9/30,30/9/19 14:26,-33.35748,151.50173,10.9,0,18.5,225,41.36,300.59,76,cloud
2019,9,30,1435,1500,19/9/30,30/9/19 14:35,-33.35748,151.50173,10.9,0,18.5,241,39.73,298.56,58,cloud
2019,9,30,1437,1500,19/9/30,30/9/19 14:37,-33.35748,151.50173,10.9,0,18.5,68,39.36,298.12,130,cloud
2019,9,30,1450,1500,19/9/30,30/9/19 14:50,-33.35748,151.50173,10.9,0,18.5,191,36.94,295.37,104,cloud
2019,9,30,1500,1500,19/9/30,30/9/19 15:00,-33.35748,151.50173,10.9,0,18.5,25,35.04,293.37,92,cloud
2019,9,30,1502,1500,19/9/30,30/9/19 15:02,-33.35748,151.50173,10.9,0,18.5,138,34.66,292.98,155,cloud
2019,9,30,1503,1500,19/9/30,30/9/19 15:03,-33.35748,151.50173,10.9,0,18.5,323,34.47,292.78,30,cloud
2019,9,30,1505,1500,19/9/30,30/9/19 15:05,-33.35748,151.50173,10.9,0,18.5,220,34.08,292.4,72,cloud
2019,9,30,1506,1500,19/9/30,30/9/19 15:06,-33.35748,151.50173,10.9,0,18.5,276,33.89,292.21,16,cloud
2019,9,30,1508,1500,19/9/30,30/9/19 15:08,-33.35748,151.50173,10.9,0,18.5,338,33.5,291.83,46,cloud
2019,9,30,1509,1500,19/9/30,30/9/19 15:09,-33.35748,151.50173,10.9,0,18.5,289,33.31,291.64,3,cloud
2019,9,30,1524,1500,19/9/30,30/9/19 15:24,-33.35748,151.50173,10.9,0,18.5,339,30.37,288.9,50,cloud
2019,9,30,1526,1500,19/9/30,30/9/19 15:26,-33.35748,151.50173,10.9,0,18.5,92,29.97,288.54,163,cloud
2019,9,30,1553,1600,19/9/30,30/9/19 15:53,-33.35748,151.50173,10.9,0,18.5,246,24.57,284.01,38,cloud
2019,9,30,1605,1600,19/9/30,30/9/19 16:05,-33.35748,151.50173,10.9,0,18.5,249,22.13,282.11,33,cloud
2019,9,30,1613,1600,19/9/30,30/9/19 16:13,-33.35748,151.50173,10.9,0,18.5,289,20.49,280.88,8,cloud
2019,9,30,1618,1600,19/9/30,30/9/19 16:18,-33.35748,151.50173,10.9,0,18.5,222,19.46,280.12,58,cloud
2019,9,30,1619,1600,19/9/30,30/9/19 16:19,-33.35748,151.50173,10.9,0,18.5,156,19.26,279.97,124,cloud
2019,9,30,1630,1600,19/9/30,30/9/19 16:30,-33.35748,151.50173,10.9,0,18.5,263,16.99,278.33,15,cloud
2019,9,24,1217,1200,24/9/19,24/9/19 12:17,-33.35748,151.50173,21.7,0,19.8,232,56.17,346.1,114,sun
2019,9,24,1218,1200,24/9/19,24/9/19 12:18,-33.35748,151.50173,21.7,0,19.8,258,56.12,345.66,88,sun
2019,9,24,1220,1200,24/9/19,24/9/19 12:20,-33.35748,151.50173,21.7,0,19.8,21,56.02,344.79,36,sun
2019,9,24,1221,1200,24/9/19,24/9/19 12:21,-33.35748,151.50173,21.7,0,19.8,337,55.96,344.35,7,sun
2019,9,24,1222,1200,24/9/19,24/9/19 12:22,-33.35748,151.50173,21.7,0,19.8,297,55.91,343.92,47,sun
2019,9,24,1225,1200,24/9/19,24/9/19 12:25,-33.35748,151.50173,21.7,0,19.8,234,55.73,342.62,109,sun
2019,9,24,1225,1200,24/9/19,24/9/19 12:25,-33.35748,151.50173,21.7,0,19.8,342,55.73,342.62,1,sun
2019,9,24,1226,1200,24/9/19,24/9/19 12:26,-33.35748,151.50173,21.7,0,19.8,247,55.66,342.19,95,sun
2019,9,24,1227,1200,24/9/19,24/9/19 12:27,-33.35748,151.50173,21.7,0,19.8,342,55.6,341.76,0,sun
2019,9,24,1227,1200,24/9/19,24/9/19 12:27,-33.35748,151.50173,21.7,0,19.8,216,55.6,341.76,126,sun
2019,9,24,1229,1200,24/9/19,24/9/19 12:29,-33.35748,151.50173,21.7,0,19.8,357,55.47,340.91,16,sun
2019,9,24,1229,1200,24/9/19,24/9/19 12:29,-33.35748,151.50173,21.7,0,19.8,336,55.47,340.91,5,sun
2019,9,24,1230,1200,24/9/19,24/9/19 12:30,-33.35748,151.50173,21.7,0,19.8,342,55.4,340.49,2,sun
2019,9,24,1230,1200,24/9/19,24/9/19 12:30,-33.35748,151.50173,21.7,0,19.8,333,55.4,340.49,7,sun
2019,9,24,1231,1300,24/9/19,24/9/19 12:31,-33.35748,151.50173,21.7,0,19.8,243,55.33,340.06,97,sun
2019,9,24,1233,1300,24/9/19,24/9/19 12:33,-33.35748,151.50173,21.7,0,19.8,308,55.18,339.23,31,sun
2019,9,24,1234,1300,24/9/19,24/9/19 12:34,-33.35748,151.50173,21.7,0,19.8,292,55.11,338.81,47,sun
2019,9,24,1241,1300,24/9/19,24/9/19 12:41,-33.35748,151.50173,21.7,0,19.8,38,54.55,335.93,62,sun
2019,9,24,1246,1300,24/9/19,24/9/19 12:46,-33.35748,151.50173,21.7,0,19.8,296,54.11,333.92,38,sun
2019,9,24,1254,1300,24/9/19,24/9/19 12:54,-33.35748,151.50173,21.7,0,19.8,269,53.33,330.81,62,sun
2019,9,24,1255,1300,24/9/19,24/9/19 12:55,-33.35748,151.50173,21.7,0,19.8,343,53.23,330.42,13,sun
2019,9,24,1255,1300,24/9/19,24/9/19 12:55,-33.35748,151.50173,21.7,0,19.8,262,53.23,330.42,68,sun
2019,9,24,1301,1300,24/9/19,24/9/19 13:01,-33.35748,151.50173,21.7,0,19.8,358,52.59,328.17,30,sun
2019,9,24,1302,1300,24/9/19,24/9/19 13:02,-33.35748,151.50173,21.7,0,19.8,273,52.48,327.81,55,sun
2019,9,24,1303,1300,24/9/19,24/9/19 13:03,-33.35748,151.50173,21.7,0,19.8,252,52.37,327.44,75,sun
2019,9,24,1304,1300,24/9/19,24/9/19 13:04,-33.35748,151.50173,21.7,0,19.8,250,52.26,327.07,77,sun
2019,9,24,1304,1300,24/9/19,24/9/19 13:04,-33.35748,151.50173,21.7,0,19.8,243,52.26,327.07,84,sun
2019,9,24,1305,1300,24/9/19,24/9/19 13:05,-33.35748,151.50173,21.7,0,19.8,303,52.14,326.71,24,sun
2019,9,24,1307,1300,24/9/19,24/9/19 13:07,-33.35748,151.50173,21.7,0,19.8,183,51.91,325.99,143,sun
2019,9,24,1308,1300,24/9/19,24/9/19 13:08,-33.35748,151.50173,21.7,0,19.8,274,51.8,325.63,52,sun
2019,9,24,1310,1300,24/9/19,24/9/19 13:10,-33.35748,151.50173,21.7,0,19.8,254,51.56,324.92,71,sun
2019,9,24,1311,1300,24/9/19,24/9/19 13:11,-33.35748,151.50173,21.7,0,19.8,240,51.44,324.57,85,sun
2019,9,24,1315,1300,24/9/19,24/9/19 13:15,-33.35748,151.50173,21.7,0,19.8,13,50.95,323.18,50,sun
2019,9,24,1319,1300,24/9/19,24/9/19 13:19,-33.35748,151.50173,21.7,0,19.8,296,50.44,321.82,26,sun
2019,9,24,1323,1300,24/9/19,24/9/19 13:23,-33.35748,151.50173,21.7,0,19.8,260,49.92,320.49,60,sun
2019,9,24,1326,1300,24/9/19,24/9/19 13:26,-33.35748,151.50173,21.7,0,19.8,345,49.51,319.51,25,sun
2019,9,24,1327,1300,24/9/19,24/9/19 13:27,-33.35748,151.50173,21.7,0,19.8,269,49.38,319.19,50,sun
2019,9,24,1328,1300,24/9/19,24/9/19 13:28,-33.35748,151.50173,21.7,0,19.8,269,49.24,318.87,50,sun
2019,9,24,1332,1300,24/9/19,24/9/19 13:32,-33.35748,151.50173,21.7,0,19.8,285,48.69,317.6,33,sun
2019,9,25,1040,1100,25/9/19,25/9/19 10:40,-33.35748,151.50173,21.6,0,21.1,58,53.84,28.73,29,sun
2019,9,25,1041,1100,25/9/19,25/9/19 10:41,-33.35748,151.50173,21.6,0,21.1,130,53.94,28.34,102,sun
2019,9,25,1044,1100,25/9/19,25/9/19 10:44,-33.35748,151.50173,21.6,0,21.1,340,54.23,27.16,47,sun
2019,9,25,1045,1100,25/9/19,25/9/19 10:45,-33.35748,151.50173,21.6,0,21.1,339,54.33,26.77,48,sun
2019,9,25,1046,1100,25/9/19,25/9/19 10:46,-33.35748,151.50173,21.6,0,21.1,351,54.42,26.37,35,sun
2019,9,25,1055,1100,25/9/19,25/9/19 10:55,-33.35748,151.50173,21.6,0,21.1,342,55.2,22.71,41,sun
2019,9,25,1056,1100,25/9/19,25/9/19 10:56,-33.35748,151.50173,21.6,0,21.1,332,55.28,22.29,50,sun
2019,9,25,1056,1100,25/9/19,25/9/19 10:56,-33.35748,151.50173,21.6,0,21.1,330,55.28,22.29,52,sun
2019,9,25,1057,1100,25/9/19,25/9/19 10:57,-33.35748,151.50173,21.6,0,21.1,9,55.36,21.88,13,sun
2019,9,25,1103,1100,25/9/19,25/9/19 11:03,-33.35748,151.50173,21.6,0,21.1,329,55.81,19.34,50,sun
2019,9,25,1107,1100,25/9/19,25/9/19 11:07,-33.35748,151.50173,21.6,0,21.1,253,56.07,17.62,125,sun
2019,9,25,1110,1100,25/9/19,25/9/19 11:10,-33.35748,151.50173,21.6,0,21.1,337,56.25,16.31,39,sun
2019,9,25,1112,1100,25/9/19,25/9/19 11:12,-33.35748,151.50173,21.6,0,21.1,328,56.37,15.44,47,sun
2019,9,25,1113,1100,25/9/19,25/9/19 11:13,-33.35748,151.50173,21.6,0,21.1,325,56.42,15,50,sun
2019,9,25,1113,1100,25/9/19,25/9/19 11:13,-33.35748,151.50173,21.6,0,21.1,335,56.42,15,40,sun
2019,9,25,1114,1100,25/9/19,25/9/19 11:14,-33.35748,151.50173,21.6,0,21.1,11,56.48,14.55,4,sun
2019,9,25,1114,1100,25/9/19,25/9/19 11:14,-33.35748,151.50173,21.6,0,21.1,300,56.48,14.55,75,sun
2019,9,25,1119,1100,25/9/19,25/9/19 11:19,-33.35748,151.50173,21.6,0,21.1,324,56.72,12.33,48,sun
2019,9,25,1119,1100,25/9/19,25/9/19 11:19,-33.35748,151.50173,21.6,0,21.1,313,56.72,12.33,59,sun
2019,9,25,1120,1100,25/9/19,25/9/19 11:20,-33.35748,151.50173,21.6,0,21.1,5,56.77,11.88,7,sun
2019,9,25,1121,1100,25/9/19,25/9/19 11:21,-33.35748,151.50173,21.6,0,21.1,35,56.81,11.43,24,sun
2019,9,25,1122,1100,25/9/19,25/9/19 11:22,-33.35748,151.50173,21.6,0,21.1,153,56.85,10.98,142,sun
2019,9,25,1126,1100,25/9/19,25/9/19 11:26,-33.35748,151.50173,21.6,0,21.1,14,57,9.17,5,sun
2019,9,25,1126,1100,25/9/19,25/9/19 11:26,-33.35748,151.50173,21.6,0,21.1,351,57,9.17,18,sun
2019,9,25,1127,1100,25/9/19,25/9/19 11:27,-33.35748,151.50173,21.6,0,21.1,46,57.03,8.71,37,sun
2019,9,25,1128,1100,25/9/19,25/9/19 11:28,-33.35748,151.50173,21.6,0,21.1,285,57.06,8.25,83,sun
2019,9,25,1129,1100,25/9/19,25/9/19 11:29,-33.35748,151.50173,21.6,0,21.1,321,57.09,7.8,47,sun
2019,9,25,1132,1200,25/9/19,25/9/19 11:32,-33.35748,151.50173,21.6,0,21.1,274,57.17,6.42,92,sun
2019,9,25,1136,1200,25/9/19,25/9/19 11:36,-33.35748,151.50173,21.6,0,21.1,300,57.25,4.58,65,sun
2019,9,25,1137,1200,25/9/19,25/9/19 11:37,-33.35748,151.50173,21.6,0,21.1,333,57.27,4.12,31,sun
2019,9,25,1137,1200,25/9/19,25/9/19 11:37,-33.35748,151.50173,21.6,0,21.1,262,57.27,4.12,102,sun
2019,9,25,1144,1200,25/9/19,25/9/19 11:44,-33.35748,151.50173,21.6,0,21.1,314,57.33,0.89,47,sun
2019,9,25,1146,1200,25/9/19,25/9/19 11:46,-33.35748,151.50173,21.6,0,21.1,302,57.33,359.96,58,sun
2019,9,25,1152,1200,25/9/19,25/9/19 11:52,-33.35748,151.50173,21.6,0,21.1,231,57.31,357.18,126,sun
2019,9,25,1152,1200,25/9/19,25/9/19 11:52,-33.35748,151.50173,21.6,0,21.1,318,57.31,357.18,39,sun
2019,9,25,1152,1200,25/9/19,25/9/19 11:52,-33.35748,151.50173,21.6,0,21.1,315,57.31,357.18,42,sun
2019,9,25,1157,1200,25/9/19,25/9/19 11:57,-33.35748,151.50173,21.6,0,21.1,325,57.23,354.87,30,sun
2019,9,25,1201,1200,25/9/19,25/9/19 12:01,-33.35748,151.50173,21.6,0,21.1,322,57.15,353.04,31,sun
2019,9,25,1201,1200,25/9/19,25/9/19 12:01,-33.35748,151.50173,21.6,0,21.1,296,57.15,353.04,57,sun
2019,9,25,1207,1200,25/9/19,25/9/19 12:07,-33.35748,151.50173,21.6,0,21.1,319,56.97,350.3,31,sun
2019,10,4,752,800,4/10/19,4/10/19 7:52,-33.35748,151.50173,23,0,33.3,80,28.74,74.56,5,sun
2019,10,4,733,800,4/10/19,4/10/19 7:33,-33.35748,151.50173,23,0,33.3,48,24.89,77.65,30,sun
2019,10,4,752,800,4/10/19,4/10/19 7:52,-33.35748,151.50173,23,0,33.3,120,28.74,74.56,45,sun
2019,10,4,747,800,4/10/19,4/10/19 7:47,-33.35748,151.50173,23,0,33.3,125,27.74,75.4,50,sun
2019,10,4,740,800,4/10/19,4/10/19 7:40,-33.35748,151.50173,23,0,33.3,243,26.32,76.54,166,sun
2019,10,4,736,800,4/10/19,4/10/19 7:36,-33.35748,151.50173,23,0,33.3,77,25.5,77.18,0,sun
2019,10,4,751,800,4/10/19,4/10/19 7:51,-33.35748,151.50173,23,0,33.3,69,28.54,74.73,6,sun
2019,10,4,756,800,4/10/19,4/10/19 7:56,-33.35748,151.50173,23,0,33.3,109,29.55,73.89,35,sun
2019,10,4,753,800,4/10/19,4/10/19 7:53,-33.35748,151.50173,23,0,33.3,38,28.95,74.4,36,sun
2019,10,4,747,800,4/10/19,4/10/19 7:47,-33.35748,151.50173,23,0,33.3,51,27.74,75.4,24,sun
2019,10,4,731,800,4/10/19,4/10/19 7:31,-33.35748,151.50173,23,0,33.3,86,24.48,77.97,8,sun
2019,10,4,838,800,4/10/19,4/10/19 8:38,-33.35748,151.50173,23,0,33.3,124,37.8,66.11,58,sun
2019,10,4,811,800,4/10/19,4/10/19 8:11,-33.35748,151.50173,23,0,33.3,65,32.54,71.26,6,sun
2019,10,4,837,800,4/10/19,4/10/19 8:37,-33.35748,151.50173,23,0,33.3,108,37.61,66.31,42,sun
2019,10,4,859,800,4/10/19,4/10/19 8:59,-33.35748,151.50173,23,0,33.3,41,41.74,61.62,21,sun
2019,10,4,758,800,4/10/19,4/10/19 7:58,-33.35748,151.50173,23,0,33.3,70,30.18,73.56,4,sun
2019,10,4,759,800,4/10/19,4/10/19 7:59,-33.35748,151.50173,23,0,33.3,55,30.38,73.38,18,sun
2019,10,4,800,800,4/10/19,4/10/19 8:00,-33.35748,151.50173,23,0,33.3,109,30.58,73.21,36,sun
2019,10,4,800,800,4/10/19,4/10/19 8:00,-33.35748,151.50173,23,0,33.3,102,30.58,73.21,29,sun
2019,10,4,801,800,4/10/19,4/10/19 8:01,-33.35748,151.50173,23,0,33.3,9,30.78,73.04,64,sun
2019,10,4,802,800,4/10/19,4/10/19 8:02,-33.35748,151.50173,23,0,33.3,74,30.98,72.86,1,sun
2019,10,4,804,800,4/10/19,4/10/19 8:04,-33.35748,151.50173,23,0,33.3,116,31.38,72.51,43,sun
2019,10,4,805,800,4/10/19,4/10/19 8:05,-33.35748,151.50173,23,0,33.3,146,31.58,72.34,74,sun
2019,10,4,806,800,4/10/19,4/10/19 8:06,-33.35748,151.50173,23,0,33.3,113,31.78,72.16,41,sun
2019,10,4,806,800,4/10/19,4/10/19 8:06,-33.35748,151.50173,23,0,33.3,82,31.78,72.16,10,sun
2019,10,4,806,800,4/10/19,4/10/19 8:06,-33.35748,151.50173,23,0,33.3,326,31.78,72.16,106,sun
2019,10,4,807,800,4/10/19,4/10/19 8:07,-33.35748,151.50173,23,0,33.3,249,31.98,71.98,177,sun
2019,10,4,808,800,4/10/19,4/10/19 8:08,-33.35748,151.50173,23,0,33.3,163,32.18,71.81,91,sun
2019,10,4,809,800,4/10/19,4/10/19 8:09,-33.35748,151.50173,23,0,33.3,72,32.38,71.63,0,sun
2019,10,4,810,800,4/10/19,4/10/19 8:10,-33.35748,151.50173,23,0,33.3,176,32.57,71.45,105,sun
2019,10,4,811,800,4/10/19,4/10/19 8:11,-33.35748,151.50173,23,0,33.3,331,32.57,71.45,100,sun
2019,10,4,812,800,4/10/19,4/10/19 8:12,-33.35748,151.50173,23,0,33.3,121,32.97,71.09,50,sun
2019,10,4,813,800,4/10/19,4/10/19 8:13,-33.35748,151.50173,23,0,33.3,69,33.17,70.91,2,sun
2019,10,4,814,800,4/10/19,4/10/19 8:14,-33.35748,151.50173,23,0,33.3,100,33.36,70.72,29,sun
2019,10,4,814,800,4/10/19,4/10/19 8:14,-33.35748,151.50173,23,0,33.3,251,33.36,70.72,180,sun
2019,10,4,815,800,4/10/19,4/10/19 8:15,-33.35748,151.50173,23,0,33.3,284,33.56,70.54,147,sun
2019,10,4,816,800,4/10/19,4/10/19 8:16,-33.35748,151.50173,23,0,33.3,109,33.76,70.36,39,sun
2019,10,4,816,800,4/10/19,4/10/19 8:16,-33.35748,151.50173,23,0,33.3,157,33.76,70.36,87,sun
2019,10,4,818,800,4/10/19,4/10/19 8:18,-33.35748,151.50173,23,0,33.3,90,34.15,69.99,20,sun
2019,10,4,818,800,4/10/19,4/10/19 8:18,-33.35748,151.50173,23,0,33.3,68,34.15,69.99,2,sun
2019,10,4,818,800,4/10/19,4/10/19 8:18,-33.35748,151.50173,23,0,33.3,105,34.15,69.99,35,sun
2019,10,4,818,800,4/10/19,4/10/19 8:18,-33.35748,151.50173,23,0,33.3,64,34.15,69.99,6,sun
2019,10,4,819,800,4/10/19,4/10/19 8:19,-33.35748,151.50173,23,0,33.3,75,34.35,69.8,5,sun
2019,10,4,819,800,4/10/19,4/10/19 8:19,-33.35748,151.50173,23,0,33.3,145,34.35,69.8,75,sun
2019,10,4,820,800,4/10/19,4/10/19 8:20,-33.35748,151.50173,23,0,33.3,50,34.54,69.62,20,sun
2019,10,4,823,800,4/10/19,4/10/19 8:23,-33.35748,151.50173,23,0,33.3,104,35.13,69.05,35,sun
2019,10,4,823,800,4/10/19,4/10/19 8:23,-33.35748,151.50173,23,0,33.3,354,35.13,69.05,75,sun
2019,10,4,824,800,4/10/19,4/10/19 8:24,-33.35748,151.50173,23,0,33.3,80,35.32,68.86,11,sun
2019,10,4,827,800,4/10/19,4/10/19 8:27,-33.35748,151.50173,23,0,33.3,340,35.91,68.28,88,sun
2019,10,4,827,800,4/10/19,4/10/19 8:27,-33.35748,151.50173,23,0,33.3,33,35.91,68.28,35,sun
2019,10,4,827,800,4/10/19,4/10/19 8:27,-33.35748,151.50173,23,0,33.3,114,35.91,68.28,46,sun
2019,10,4,829,800,4/10/19,4/10/19 8:29,-33.35748,151.50173,23,0,33.3,61,36.3,67.9,7,sun
2019,10,4,830,800,4/10/19,4/10/19 8:30,-33.35748,151.50173,23,0,33.3,134,36.49,67.7,66,sun
2019,10,4,832,900,4/10/19,4/10/19 8:32,-33.35748,151.50173,23,0,33.3,174,36.87,67.31,107,sun
2019,10,4,832,900,4/10/19,4/10/19 8:32,-33.35748,151.50173,23,0,33.3,333,36.87,67.31,94,sun
2019,10,4,833,900,4/10/19,4/10/19 8:33,-33.35748,151.50173,23,0,33.3,139,37.07,67.11,72,sun
2019,10,4,833,900,4/10/19,4/10/19 8:33,-33.35748,151.50173,23,0,33.3,81,37.07,67.11,14,sun
2019,10,4,835,900,4/10/19,4/10/19 8:35,-33.35748,151.50173,23,0,33.3,117,37.07,67.11,50,sun
2019,10,4,837,900,4/10/19,4/10/19 8:37,-33.35748,151.50173,23,0,33.3,78,37.83,66.31,12,sun
2019,10,4,837,900,4/10/19,4/10/19 8:37,-33.35748,151.50173,23,0,33.3,19,37.83,66.31,47,sun
2019,10,4,837,900,4/10/19,4/10/19 8:37,-33.35748,151.50173,23,0,33.3,62,37.83,66.31,4,sun
2019,10,4,838,900,4/10/19,4/10/19 8:38,-33.35748,151.50173,23,0,33.3,154,38.08,66.1,88,sun
2019,10,4,838,900,4/10/19,4/10/19 8:38,-33.35748,151.50173,23,0,33.3,174,38.08,66.1,108,sun
2019,10,4,838,900,4/10/19,4/10/19 8:38,-33.35748,151.50173,23,0,33.3,54,38.08,66.1,12,sun
2019,10,4,839,900,4/10/19,4/10/19 8:39,-33.35748,151.50173,23,0,33.3,139,38.22,65.9,73,sun
2019,10,4,841,900,4/10/19,4/10/19 8:41,-33.35748,151.50173,23,0,33.3,137,38.6,65.49,72,sun
2019,10,4,841,900,4/10/19,4/10/19 8:41,-33.35748,151.50173,23,0,33.3,210,38.6,65.49,145,sun
2019,10,4,841,900,4/10/19,4/10/19 8:41,-33.35748,151.50173,23,0,33.3,37,38.6,65.49,28,sun
2019,10,4,841,900,4/10/19,4/10/19 8:41,-33.35748,151.50173,23,0,33.3,175,38.6,65.49,110,sun
2019,10,4,842,900,4/10/19,4/10/19 8:42,-33.35748,151.50173,23,0,33.3,129,38.79,65.28,64,sun
2019,10,4,842,900,4/10/19,4/10/19 8:42,-33.35748,151.50173,23,0,33.3,100,38.79,65.28,35,sun
2019,10,4,843,900,4/10/19,4/10/19 8:43,-33.35748,151.50173,23,0,33.3,24,38.98,65.07,41,sun
2019,10,4,843,900,4/10/19,4/10/19 8:43,-33.35748,151.50173,23,0,33.3,347,38.98,65.07,78,sun
2019,10,4,844,900,4/10/19,4/10/19 8:44,-33.35748,151.50173,23,0,33.3,66,39.17,64.87,1,sun
2019,10,4,844,900,4/10/19,4/10/19 8:44,-33.35748,151.50173,23,0,33.3,96,39.17,64.87,31,sun
2019,10,4,844,900,4/10/19,4/10/19 8:44,-33.35748,151.50173,23,0,33.3,66,39.17,64.87,1,sun
2019,10,4,844,900,4/10/19,4/10/19 8:44,-33.35748,151.50173,23,0,33.3,40,39.17,64.87,25,sun
2019,10,4,844,900,4/10/19,4/10/19 8:44,-33.35748,151.50173,23,0,33.3,305,39.17,64.87,120,sun
2019,10,4,845,900,4/10/19,4/10/19 8:45,-33.35748,151.50173,23,0,33.3,12,39.36,64.66,53,sun
2019,10,4,845,900,4/10/19,4/10/19 8:45,-33.35748,151.50173,23,0,33.3,62,39.36,64.66,3,sun
2019,10,4,845,900,4/10/19,4/10/19 8:45,-33.35748,151.50173,23,0,33.3,43,39.36,64.66,22,sun
2019,10,4,846,900,4/10/19,4/10/19 8:46,-33.35748,151.50173,23,0,33.3,113,39.36,64.66,48,sun
2019,10,4,847,900,4/10/19,4/10/19 8:47,-33.35748,151.50173,23,0,33.3,65,39.73,64.23,1,sun
2019,10,4,852,900,4/10/19,4/10/19 8:52,-33.35748,151.50173,23,0,33.3,331,40.67,63.16,92,sun
2019,10,4,852,900,4/10/19,4/10/19 8:52,-33.35748,151.50173,23,0,33.3,96,40.67,63.16,33,sun
2019,10,4,856,900,4/10/19,4/10/19 8:56,-33.35748,151.50173,23,0,33.3,88,41.41,62.27,26,sun
2019,10,4,858,900,4/10/19,4/10/19 8:58,-33.35748,151.50173,23,0,33.3,50,41.78,61.83,12,sun
2019,10,4,858,900,4/10/19,4/10/19 8:58,-33.35748,151.50173,23,0,33.3,17,41.78,61.83,45,sun
2019,10,4,859,900,4/10/19,4/10/19 8:59,-33.35748,151.50173,23,0,33.3,22,41.96,61.6,40,sun
2019,10,4,859,900,4/10/19,4/10/19 8:59,-33.35748,151.50173,23,0,33.3,23,41.96,61.6,39,sun
2019,10,4,900,900,4/10/19,4/10/19 9:00,-33.35748,151.50173,23,0,33.3,67,42.15,61.37,6,sun
2019,10,4,900,900,4/10/19,4/10/19 9:00,-33.35748,151.50173,23,0,33.3,119,42.15,61.37,58,sun
2019,10,4,900,900,4/10/19,4/10/19 9:00,-33.35748,151.50173,23,0,33.3,119,42.15,61.37,58,sun
2019,10,4,904,900,4/10/19,4/10/19 9:04,-33.35748,151.50173,23,0,33.3,116,43.24,59.98,56,sun
2019,10,4,904,900,4/10/19,4/10/19 9:04,-33.35748,151.50173,23,0,33.3,358,43.24,59.98,62,sun
2019,10,4,905,900,4/10/19,4/10/19 9:05,-33.35748,151.50173,23,0,33.3,131,43.06,60.22,71,sun
2019,10,4,906,900,4/10/19,4/10/19 9:06,-33.35748,151.50173,23,0,33.3,2,43.24,59.98,58,sun
2019,10,4,909,900,4/10/19,4/10/19 9:09,-33.35748,151.50173,23,0,33.3,29,43.78,59.27,30,sun
2019,10,4,910,900,4/10/19,4/10/19 9:10,-33.35748,151.50173,23,0,33.3,70,43.96,59.03,11,sun
2019,10,4,910,900,4/10/19,4/10/19 9:10,-33.35748,151.50173,23,0,33.3,91,43.96,59.03,32,sun
2019,10,4,914,900,4/10/19,4/10/19 9:14,-33.35748,151.50173,23,0,33.3,143,44.67,58.06,85,sun
2019,10,4,914,900,4/10/19,4/10/19 9:14,-33.35748,151.50173,23,0,33.3,96,44.67,58.06,38,sun
2019,10,4,915,900,4/10/19,4/10/19 9:15,-33.35748,151.50173,23,0,33.3,30,44.85,57.81,28,sun
2019,10,4,915,900,4/10/19,4/10/19 9:15,-33.35748,151.50173,23,0,33.3,56,44.85,57.81,2,sun
2019,10,4,916,900,4/10/19,4/10/19 9:16,-33.35748,151.50173,23,0,33.3,63,45.03,57.56,5,sun
2019,10,4,916,900,4/10/19,4/10/19 9:16,-33.35748,151.50173,23,0,33.3,51,45.03,57.56,7,sun
2019,10,4,916,900,4/10/19,4/10/19 9:16,-33.35748,151.50173,23,0,33.3,91,45.03,57.56,33,sun
2019,10,4,917,900,4/10/19,4/10/19 9:17,-33.35748,151.50173,23,0,33.3,59,45.2,57.31,2,sun
2019,10,4,917,900,4/10/19,4/10/19 9:17,-33.35748,151.50173,23,0,33.3,305,45.2,57.31,112,sun
2019,10,4,920,900,4/10/19,4/10/19 9:20,-33.35748,151.50173,23,0,33.3,132,45.73,56.55,75,sun
2019,10,4,921,900,4/10/19,4/10/19 9:21,-33.35748,151.50173,23,0,33.3,58,45.9,56.3,2,sun
2019,10,4,921,900,4/10/19,4/10/19 9:21,-33.35748,151.50173,23,0,33.3,44,45.9,56.3,12,sun
2019,10,4,922,900,4/10/19,4/10/19 9:22,-33.35748,151.50173,23,0,33.3,14,46.08,56.04,42,sun
2019,10,4,924,900,4/10/19,4/10/19 9:24,-33.35748,151.50173,23,0,33.3,315,46.42,55.52,101,sun
2019,10,4,924,900,4/10/19,4/10/19 9:24,-33.35748,151.50173,23,0,33.3,67,46.42,55.52,11,sun
2019,10,4,925,900,4/10/19,4/10/19 9:25,-33.35748,151.50173,23,0,33.3,332,46.59,55.26,83,sun
2019,10,4,927,900,4/10/19,4/10/19 9:27,-33.35748,151.50173,23,0,33.3,34,46.94,54.73,21,sun
2019,10,4,928,900,4/10/19,4/10/19 9:28,-33.35748,151.50173,23,0,33.3,50,47.11,54.46,4,sun
2019,10,4,929,900,4/10/19,4/10/19 9:29,-33.35748,151.50173,23,0,33.3,48,47.28,54.19,6,sun
2019,10,4,929,900,4/10/19,4/10/19 9:29,-33.35748,151.50173,23,0,33.3,96,47.28,54.19,42,sun
2019,10,4,933,1000,4/10/19,4/10/19 9:33,-33.35748,151.50173,23,0,33.3,357,47.95,53.1,56,sun
2019,10,4,933,1000,4/10/19,4/10/19 9:33,-33.35748,151.50173,23,0,33.3,23,47.95,53.1,30,sun
2019,10,4,933,1000,4/10/19,4/10/19 9:33,-33.35748,151.50173,23,0,33.3,349,47.95,53.1,64,sun
2019,10,4,934,1000,4/10/19,4/10/19 9:34,-33.35748,151.50173,23,0,33.3,354,48.12,52.82,59,sun
2019,10,4,934,1000,4/10/19,4/10/19 9:34,-33.35748,151.50173,23,0,33.3,318,48.12,52.82,95,sun
2019,10,4,935,1000,4/10/19,4/10/19 9:35,-33.35748,151.50173,23,0,33.3,307,48.28,52.54,106,sun
2019,10,4,935,1000,4/10/19,4/10/19 9:35,-33.35748,151.50173,23,0,33.3,304,48.28,52.54,109,sun
2019,10,4,935,1000,4/10/19,4/10/19 9:35,-33.35748,151.50173,23,0,33.3,9,48.28,52.54,44,sun
2019,10,4,936,1000,4/10/19,4/10/19 9:36,-33.35748,151.50173,23,0,33.3,60,48.45,52.26,8,sun
2019,10,4,939,1000,4/10/19,4/10/19 9:39,-33.35748,151.50173,23,0,33.3,350,48.94,51.41,61,sun
2019,10,4,939,1000,4/10/19,4/10/19 9:39,-33.35748,151.50173,23,0,33.3,358,48.94,51.41,53,sun
2019,10,4,939,1000,4/10/19,4/10/19 9:39,-33.35748,151.50173,23,0,33.3,29,48.94,51.41,22,sun
2019,10,4,940,1000,4/10/19,4/10/19 9:40,-33.35748,151.50173,23,0,33.3,67,49.11,51.12,16,sun
2019,10,4,940,1000,4/10/19,4/10/19 9:40,-33.35748,151.50173,23,0,33.3,346,49.11,51.12,65,sun
2019,10,4,941,1000,4/10/19,4/10/19 9:41,-33.35748,151.50173,23,0,33.3,63,49.27,50.83,12,sun
2019,10,4,942,1000,4/10/19,4/10/19 9:42,-33.35748,151.50173,23,0,33.3,18,49.43,50.54,33,sun
2019,10,4,946,1000,4/10/19,4/10/19 9:46,-33.35748,151.50173,23,0,33.3,67,50.07,49.36,18,sun
2019,10,4,948,1000,4/10/19,4/10/19 9:48,-33.35748,151.50173,23,0,33.3,319,50.39,48.76,90,sun
2019,10,4,948,1000,4/10/19,4/10/19 9:48,-33.35748,151.50173,23,0,33.3,49,50.39,48.76,0,sun
2019,10,4,950,1000,4/10/19,4/10/19 9:50,-33.35748,151.50173,23,0,33.3,335,50.7,48.15,73,sun
2019,10,4,950,1000,4/10/19,4/10/19 9:50,-33.35748,151.50173,23,0,33.3,282,50.7,48.15,126,sun
2019,10,4,951,1000,4/10/19,4/10/19 9:51,-33.35748,151.50173,23,0,33.3,353,50.85,47.84,55,sun
2019,10,4,951,1000,4/10/19,4/10/19 9:51,-33.35748,151.50173,23,0,33.3,348,50.85,47.84,60,sun
2019,10,4,956,1000,4/10/19,4/10/19 9:56,-33.35748,151.50173,23,0,33.3,289,51.62,46.27,117,sun
2019,10,4,956,1000,4/10/19,4/10/19 9:56,-33.35748,151.50173,23,0,33.3,341,51.62,46.27,65,sun
2019,10,4,1000,1000,4/10/19,4/10/19 10:00,-33.35748,151.50173,23,0,33.3,335,52.22,44.97,70,sun
2019,10,4,1005,1000,4/10/19,4/10/19 10:05,-33.35748,151.50173,23,0,33.3,353,52.94,43.31,50,sun
2019,10,4,1006,1000,4/10/19,4/10/19 10:06,-33.35748,151.50173,23,0,33.3,352,53.09,42.97,51,sun
2019,10,4,1006,1000,4/10/19,4/10/19 10:06,-33.35748,151.50173,23,0,33.3,355,53.09,42.97,48,sun
2019,10,4,1007,1000,4/10/19,4/10/19 10:07,-33.35748,151.50173,23,0,33.3,341,53.23,42.62,62,sun
2019,10,4,1008,1000,4/10/19,4/10/19 10:08,-33.35748,151.50173,23,0,33.3,261,53.37,42.28,141,sun
2019,10,4,1008,1000,4/10/19,4/10/19 10:08,-33.35748,151.50173,23,0,33.3,345,53.37,42.28,57,sun
2019,10,4,1009,1000,4/10/19,4/10/19 10:09,-33.35748,151.50173,23,0,33.3,70,53.51,41.93,28,sun
2019,10,4,1010,1000,4/10/19,4/10/19 10:10,-33.35748,151.50173,23,0,33.3,203,53.65,41.59,161,sun
2019,10,4,1011,1000,4/10/19,4/10/19 10:11,-33.35748,151.50173,23,0,33.3,44,53.79,41.24,3,sun
2019,10,4,1011,1000,4/10/19,4/10/19 10:11,-33.35748,151.50173,23,0,33.3,320,53.79,41.24,81,sun
2019,10,4,1013,1000,4/10/19,4/10/19 10:13,-33.35748,151.50173,23,0,33.3,22,54.06,40.53,19,sun
2019,10,4,1014,1000,4/10/19,4/10/19 10:14,-33.35748,151.50173,23,0,33.3,327,54.2,40.17,73,sun
2019,10,4,1015,1000,4/10/19,4/10/19 10:15,-33.35748,151.50173,23,0,33.3,333,54.33,39.81,67,sun
2019,10,4,1018,1000,4/10/19,4/10/19 10:18,-33.35748,151.50173,23,0,33.3,64,54.73,38.72,25,sun
2019,10,4,1019,1000,4/10/19,4/10/19 10:19,-33.35748,151.50173,23,0,33.3,338,54.86,38.35,60,sun
2019,10,4,1020,1000,4/10/19,4/10/19 10:20,-33.35748,151.50173,23,0,33.3,308,54.99,37.98,90,sun
2019,10,4,1023,1000,4/10/19,4/10/19 10:23,-33.35748,151.50173,23,0,33.3,223,55.37,36.85,174,sun
2019,10,4,1024,1000,4/10/19,4/10/19 10:24,-33.35748,151.50173,23,0,33.3,335,55.49,36.47,61,sun
2019,10,4,1025,1000,4/10/19,4/10/19 10:25,-33.35748,151.50173,23,0,33.3,94,55.62,36.09,58,sun
2019,10,4,1028,1000,4/10/19,4/10/19 10:28,-33.35748,151.50173,23,0,33.3,65,55.98,34.93,30,sun
2019,10,4,1029,1000,4/10/19,4/10/19 10:29,-33.35748,151.50173,23,0,33.3,0,56.1,34.53,35,sun
2019,10,4,1030,1000,4/10/19,4/10/19 10:30,-33.35748,151.50173,23,0,33.3,216,56.22,34.14,178,sun
2019,10,4,1031,1100,4/10/19,4/10/19 10:31,-33.35748,151.50173,23,0,33.3,121,56.34,33.74,87,sun
2019,10,4,1032,1100,4/10/19,4/10/19 10:32,-33.35748,151.50173,23,0,33.3,323,56.45,33.34,70,sun
2019,10,4,1036,1100,4/10/19,4/10/19 10:36,-33.35748,151.50173,23,0,33.3,67,56.9,31.72,35,sun
2019,10,4,1036,1100,4/10/19,4/10/19 10:36,-33.35748,151.50173,23,0,33.3,71,56.9,31.72,39,sun
2019,10,4,1038,1100,4/10/19,4/10/19 10:38,-33.35748,151.50173,23,0,33.3,60,57.12,30.9,29,sun
2019,10,4,1040,1100,4/10/19,4/10/19 10:40,-33.35748,151.50173,23,0,33.3,76,57.33,30.07,46,sun
2019,10,4,1041,1100,4/10/19,4/10/19 10:41,-33.35748,151.50173,23,0,33.3,78,57.44,29.65,48,sun
2019,10,4,1048,1100,4/10/19,4/10/19 10:48,-33.35748,151.50173,23,0,33.3,73,58.13,26.64,46,sun
2019,10,4,1051,1100,4/10/19,4/10/19 10:51,-33.35748,151.50173,23,0,33.3,291,58.4,25.32,94,sun
2019,10,9,804,800,9/10/19,9/10/19 8:04,-33.35748,151.50173,21.4,0,17,290,20.3,83.55,154,cloud
2019,10,9,804,800,9/10/19,9/10/19 8:04,-33.35748,151.50173,21.4,0,17,300,20.3,83.55,144,cloud
2019,10,9,812,800,9/10/19,9/10/19 8:12,-33.35748,151.50173,21.4,0,17,103,21.96,82.37,21,cloud
2019,10,9,816,800,9/10/19,9/10/19 8:16,-33.35748,151.50173,21.4,0,17,328,22.79,81.77,114,cloud
2019,10,9,826,800,9/10/19,9/10/19 8:26,-33.35748,151.50173,21.4,0,17,125,24.85,80.26,45,cloud
2019,10,9,838,900,9/10/19,9/10/19 8:38,-33.35748,151.50173,21.4,0,17,321,27.31,78.38,117,cloud
2019,10,9,841,900,9/10/19,9/10/19 8:41,-33.35748,151.50173,21.4,0,17,130,27.93,77.9,52,cloud
2019,10,9,842,900,9/10/19,9/10/19 8:42,-33.35748,151.50173,21.4,0,17,79,28.13,77.74,1,cloud
2019,10,9,844,900,9/10/19,9/10/19 8:44,-33.35748,151.50173,21.4,0,17,303,28.54,77.42,134,cloud
2019,10,9,849,900,9/10/19,9/10/19 8:49,-33.35748,151.50173,21.4,0,17,2,29.56,76.6,75,cloud
2019,10,9,855,900,9/10/19,9/10/19 8:55,-33.35748,151.50173,21.4,0,17,29,30.78,75.6,47,cloud
2019,10,9,856,900,9/10/19,9/10/19 8:56,-33.35748,151.50173,21.4,0,17,206,30.98,75.43,131,cloud
2019,10,9,859,900,9/10/19,9/10/19 8:59,-33.35748,151.50173,21.4,0,17,184,31.58,74.92,109,cloud
2019,10,9,903,900,9/10/19,9/10/19 9:03,-33.35748,151.50173,21.4,0,17,296,32.39,74.24,138,cloud
2019,10,9,909,900,9/10/19,9/10/19 9:09,-33.35748,151.50173,21.4,0,17,142,33.59,73.19,69,cloud
2019,10,9,924,900,9/10/19,9/10/19 9:24,-33.35748,151.50173,21.4,0,17,89,36.57,70.44,19,cloud
2019,10,9,943,1000,9/10/19,9/10/19 9:43,-33.35748,151.50173,21.4,0,17,301,40.27,66.68,126,cloud
2019,10,9,945,1000,9/10/19,9/10/19 9:45,-33.35748,151.50173,21.4,0,17,350,40.65,66.26,76,cloud
2019,10,9,950,1000,9/10/19,9/10/19 9:50,-33.35748,151.50173,21.4,0,17,346,41.61,65.2,79,cloud
2019,10,9,1005,1000,9/10/19,9/10/19 10:05,-33.35748,151.50173,21.4,0,17,185,44.41,61.84,123,cloud
2019,10,9,1006,1000,9/10/19,9/10/19 10:06,-33.35748,151.50173,21.4,0,17,5,44.6,61.61,57,cloud
2019,10,9,1036,1100,9/10/19,9/10/19 10:36,-33.35748,151.50173,21.4,0,17,287,49.9,53.86,127,cloud
2019,10,9,1038,1100,9/10/19,9/10/19 10:38,-33.35748,151.50173,21.4,0,17,261,50.24,53.29,152,cloud
2019,10,9,1049,1100,9/10/19,9/10/19 10:49,-33.35748,151.50173,21.4,0,17,138,52.04,50.01,88,cloud
2019,10,9,1052,1100,9/10/19,9/10/19 10:52,-33.35748,151.50173,21.4,0,17,116,52.52,49.08,67,cloud
2019,10,9,1109,1100,9/10/19,9/10/19 11:09,-33.35748,151.50173,21.4,0,17,49,55.09,43.39,6,cloud
2019,10,9,1112,1100,9/10/19,9/10/19 11:12,-33.35748,151.50173,21.4,0,17,33,55.52,42.31,9,cloud
2019,10,9,1127,1100,9/10/19,9/10/19 11:27,-33.35748,151.50173,21.4,0,17,243,57.51,36.59,154,cloud
2019,10,9,1132,1200,9/10/19,9/10/19 11:32,-33.35748,151.50173,21.4,0,17,302,58.12,34.56,93,cloud
2019,10,9,1136,1200,9/10/19,9/10/19 11:36,-33.35748,151.50173,21.4,0,17,333,58.59,32.88,60,cloud
2019,10,9,1150,1200,9/10/19,9/10/19 11:50,-33.35748,151.50173,21.4,0,17,104,60.04,26.68,77,cloud
2019,10,9,1157,1200,9/10/19,9/10/19 11:57,-33.35748,151.50173,21.4,0,17,306,60.66,23.39,77,cloud
2019,10,9,1159,1200,9/10/19,9/10/19 11:59,-33.35748,151.50173,21.4,0,17,38,60.83,22.43,16,cloud
2019,10,9,1204,1200,9/10/19,9/10/19 12:04,-33.35748,151.50173,21.4,0,17,71,61.21,19.98,51,cloud
2019,10,9,1206,1200,9/10/19,9/10/19 12:06,-33.35748,151.50173,21.4,0,17,346,61.35,18.99,33,cloud
2019,10,9,1209,1200,9/10/19,9/10/19 12:09,-33.35748,151.50173,21.4,0,17,358,61.54,17.49,19,cloud
2019,10,9,1213,1200,9/10/19,9/10/19 12:13,-33.35748,151.50173,21.4,0,17,346,61.78,15.45,29,cloud
2019,10,9,1213,1200,9/10/19,9/10/19 12:13,-33.35748,151.50173,21.4,0,17,226,61.78,15.45,149,cloud
2019,10,9,1215,1200,9/10/19,9/10/19 12:15,-33.35748,151.50173,21.4,0,17,128,61.89,14.42,114,cloud
2019,10,9,1222,1200,9/10/19,9/10/19 12:22,-33.35748,151.50173,21.4,0,17,158,62.21,10.77,147,cloud
2019,10,9,1230,1300,9/10/19,9/10/19 12:30,-33.35748,151.50173,21.4,0,17,132,62.46,6.52,125,cloud
2019,10,9,1234,1300,9/10/19,9/10/19 12:34,-33.35748,151.50173,21.4,0,17,55,62.54,4.37,51,cloud
2019,10,9,1235,1300,9/10/19,9/10/19 12:35,-33.35748,151.50173,21.4,0,17,176,62.56,3.83,172,cloud
2019,10,9,1240,1300,9/10/19,9/10/19 12:40,-33.35748,151.50173,21.4,0,17,295,62.61,1.14,66,cloud
2019,10,9,1240,1300,9/10/19,9/10/19 12:40,-33.35748,151.50173,21.4,0,17,297,62.61,1.14,64,cloud
2019,10,9,1247,1300,9/10/19,9/10/19 12:47,-33.35748,151.50173,21.4,0,17,141,62.59,357.35,144,cloud
2019,10,9,1258,1300,9/10/19,9/10/19 12:58,-33.35748,151.50173,21.4,0,17,126,62.37,351.45,135,cloud
2019,10,9,1328,1300,9/10/19,9/10/19 13:28,-33.35748,151.50173,21.4,0,17,90,60.62,336.21,114,cloud
2019,10,9,1331,1400,9/10/19,9/10/19 13:31,-33.35748,151.50173,21.4,0,17,296,60.36,334.79,39,cloud
2019,10,9,1343,1400,9/10/19,9/10/19 13:43,-33.35748,151.50173,21.4,0,17,12,59.19,329.34,43,cloud
2019,10,9,1347,1400,9/10/19,9/10/19 13:47,-33.35748,151.50173,21.4,0,17,221,58.75,327.6,107,cloud
2019,10,9,1357,1400,9/10/19,9/10/19 13:57,-33.35748,151.50173,21.4,0,17,27,57.57,323.45,64,cloud
2019,10,9,1405,1400,9/10/19,9/10/19 14:05,-33.35748,151.50173,21.4,0,17,261,56.54,320.32,59,cloud
2019,10,9,1416,1400,9/10/19,9/10/19 14:16,-33.35748,151.50173,21.4,0,17,233,55.02,316.28,83,cloud
2019,10,9,1421,1400,9/10/19,9/10/19 14:21,-33.35748,151.50173,21.4,0,17,61,54.28,314.54,106,cloud
2019,10,9,1422,1400,9/10/19,9/10/19 14:22,-33.35748,151.50173,21.4,0,17,359,54.14,314.2,45,cloud
2019,10,9,1426,1400,9/10/19,9/10/19 14:26,-33.35748,151.50173,21.4,0,17,12,53.53,312.87,59,cloud
2019,10,9,1430,1500,9/10/19,9/10/19 14:30,-33.35748,151.50173,21.4,0,17,297,52.91,311.56,15,cloud
2019,10,9,1432,1500,9/10/19,9/10/19 14:32,-33.35748,151.50173,21.4,0,17,175,52.6,310.93,136,cloud
2019,10,9,1440,1500,9/10/19,9/10/19 14:40,-33.35748,151.50173,21.4,0,17,247,51.31,308.46,61,cloud
2019,10,9,1450,1500,9/10/19,9/10/19 14:50,-33.35748,151.50173,21.4,0,17,337,49.65,305.56,31,cloud
2019,10,9,1451,1500,9/10/19,9/10/19 14:51,-33.35748,151.50173,21.4,0,17,221,49.48,305.28,84,cloud
2019,10,9,1500,1500,9/10/19,9/10/19 15:00,-33.35748,151.50173,21.4,0,17,205,47.92,302.84,98,cloud
2019,10,9,1510,1500,9/10/19,9/10/19 15:10,-33.35748,151.50173,21.4,0,17,145,46.15,300.29,155,cloud
2019,10,9,1525,1500,9/10/19,9/10/19 15:25,-33.35748,151.50173,21.4,0,17,345,43.39,296.74,48,cloud
2019,10,9,1527,1500,9/10/19,9/10/19 15:27,-33.35748,151.50173,21.4,0,17,188,43.02,296.29,108,cloud
2019,10,9,1546,1600,9/10/19,9/10/19 15:46,-33.35748,151.50173,21.4,0,17,98,39.41,292.24,166,cloud
2019,10,9,1554,1600,9/10/19,9/10/19 15:54,-33.35748,151.50173,21.4,0,17,240,37.85,290.65,51,cloud
2019,10,9,1604,1600,9/10/19,9/10/19 16:04,-33.35748,151.50173,21.4,0,17,318,35.89,288.74,29,cloud
2019,10,9,1627,1600,9/10/19,9/10/19 16:27,-33.35748,151.50173,21.4,0,17,331,31.29,284.66,46,cloud
2019,10,9,1627,1600,9/10/19,9/10/19 16:27,-33.35748,151.50173,21.4,0,17,176,31.29,284.66,109,cloud
2019,10,14,1401,1400,14/10/19,14/10/19 14:01,-33.35748,151.50173,23.9,0,23.7,12,58.69,319.09,53,sun
2019,10,14,1404,1400,14/10/19,14/10/19 14:04,-33.35748,151.50173,23.9,0,23.7,295,58.28,317.91,23,sun
2019,10,14,1409,1400,14/10/19,14/10/19 14:09,-33.35748,151.50173,23.9,0,23.7,268,57.57,316.01,48,sun
2019,10,14,1412,1400,14/10/19,14/10/19 14:12,-33.35748,151.50173,23.9,0,23.7,69,57.13,314.9,114,sun
2019,10,14,1413,1400,14/10/19,14/10/19 14:13,-33.35748,151.50173,23.9,0,23.7,44,56.98,314.53,89,sun
2019,10,14,1414,1400,14/10/19,14/10/19 14:14,-33.35748,151.50173,23.9,0,23.7,244,56.83,314.17,70,sun
2019,10,14,1416,1400,14/10/19,14/10/19 14:16,-33.35748,151.50173,23.9,0,23.7,220,56.53,313.45,93,sun
2019,10,14,1416,1400,14/10/19,14/10/19 14:16,-33.35748,151.50173,23.9,0,23.7,256,56.53,313.45,57,sun
2019,10,14,1417,1400,14/10/19,14/10/19 14:17,-33.35748,151.50173,23.9,0,23.7,13,56.38,313.1,60,sun
2019,10,14,1419,1400,14/10/19,14/10/19 14:19,-33.35748,151.50173,23.9,0,23.7,108,56.07,312.4,156,sun
2019,10,14,1421,1400,14/10/19,14/10/19 14:21,-33.35748,151.50173,23.9,0,23.7,300,55.76,311.71,12,sun
2019,10,14,1422,1400,14/10/19,14/10/19 14:22,-33.35748,151.50173,23.9,0,23.7,270,55.61,311.37,41,sun
2019,10,14,1422,1400,14/10/19,14/10/19 14:22,-33.35748,151.50173,23.9,0,23.7,341,55.61,311.37,30,sun
2019,10,14,1426,1400,14/10/19,14/10/19 14:26,-33.35748,151.50173,23.9,0,23.7,328,54.97,310.03,18,sun
2019,10,14,1426,1400,14/10/19,14/10/19 14:26,-33.35748,151.50173,23.9,0,23.7,216,54.97,310.03,94,sun
2019,10,14,1429,1400,14/10/19,14/10/19 14:29,-33.35748,151.50173,23.9,0,23.7,294,54.49,309.06,15,sun
2019,10,14,1436,1500,14/10/19,14/10/19 14:36,-33.35748,151.50173,23.9,0,23.7,276,53.34,306.86,31,sun
2019,10,14,1439,1500,14/10/19,14/10/19 14:39,-33.35748,151.50173,23.9,0,23.7,29,52.84,305.95,83,sun
2019,10,14,1442,1500,14/10/19,14/10/19 14:42,-33.35748,151.50173,23.9,0,23.7,0,52.33,305.06,55,sun
2019,10,14,1443,1500,14/10/19,14/10/19 14:43,-33.35748,151.50173,23.9,0,23.7,44,52.15,304.77,99,sun
2019,10,14,1443,1500,14/10/19,14/10/19 14:43,-33.35748,151.50173,23.9,0,23.7,300,52.15,304.77,5,sun
2019,10,14,1451,1500,14/10/19,14/10/19 14:51,-33.35748,151.50173,23.9,0,23.7,343,50.76,302.5,41,sun
2019,10,14,1457,1500,14/10/19,14/10/19 14:57,-33.35748,151.50173,23.9,0,23.7,174,49.7,300.89,127,sun
2019,10,14,1458,1500,14/10/19,14/10/19 14:58,-33.35748,151.50173,23.9,0,23.7,204,49.52,300.62,97,sun
2019,10,14,1501,1500,14/10/19,14/10/19 15:01,-33.35748,151.50173,23.9,0,23.7,6,48.98,299.84,66,sun
2019,10,14,1504,1500,14/10/19,14/10/19 15:04,-33.35748,151.50173,23.9,0,23.7,14,48.43,299.08,75,sun
2019,10,14,1509,1500,14/10/19,14/10/19 15:09,-33.35748,151.50173,23.9,0,23.7,201,47.52,297.84,97,sun
2019,10,14,1510,1500,14/10/19,14/10/19 15:10,-33.35748,151.50173,23.9,0,23.7,268,47.33,297.59,30,sun
2019,10,14,1512,1500,14/10/19,14/10/19 15:12,-33.35748,151.50173,23.9,0,23.7,290,46.96,297.11,7,sun
2019,10,14,1515,1500,14/10/19,14/10/19 15:15,-33.35748,151.50173,23.9,0,23.7,352,46.4,296.4,56,sun
2019,10,14,1516,1500,14/10/19,14/10/19 15:16,-33.35748,151.50173,23.9,0,23.7,340,46.22,296.17,44,sun
2019,10,14,1518,1500,14/10/19,14/10/19 15:18,-33.35748,151.50173,23.9,0,23.7,48,45.84,295.7,112,sun
2019,10,14,1524,1500,14/10/19,14/10/19 15:24,-33.35748,151.50173,23.9,0,23.7,224,44.71,294.34,70,sun
2019,10,14,1527,1500,14/10/19,14/10/19 15:27,-33.35748,151.50173,23.9,0,23.7,176,44.13,293.68,118,sun
2019,10,14,1527,1500,14/10/19,14/10/19 15:27,-33.35748,151.50173,23.9,0,23.7,344,44.13,293.68,50,sun
2019,10,14,1531,1600,14/10/19,14/10/19 15:31,-33.35748,151.50173,23.9,0,23.7,287,43.37,292.81,6,sun
2019,10,14,1534,1600,14/10/19,14/10/19 15:34,-33.35748,151.50173,23.9,0,23.7,5,42.79,292.17,73,sun
2019,10,14,1537,1600,14/10/19,14/10/19 15:37,-33.35748,151.50173,23.9,0,23.7,217,42.21,291.54,75,sun
2019,10,14,1539,1600,14/10/19,14/10/19 15:39,-33.35748,151.50173,23.9,0,23.7,221,41.82,291.13,70,sun
2019,10,14,1542,1600,14/10/19,14/10/19 15:42,-33.35748,151.50173,23.9,0,23.7,343,41.23,290.52,52,sun
2019,10,14,1543,1600,14/10/19,14/10/19 15:43,-33.35748,151.50173,23.9,0,23.7,320,41.04,290.32,30,sun
2019,10,14,1546,1600,14/10/19,14/10/19 15:46,-33.35748,151.50173,23.9,0,23.7,261,40.45,289.72,29,sun
2019,10,14,1546,1600,14/10/19,14/10/19 15:46,-33.35748,151.50173,23.9,0,23.7,308,40.45,289.72,18,sun
2019,10,14,1547,1600,14/10/19,14/10/19 15:47,-33.35748,151.50173,23.9,0,23.7,194,40.25,289.52,96,sun
2019,10,14,1550,1600,14/10/19,14/10/19 15:50,-33.35748,151.50173,23.9,0,23.7,263,39.66,288.94,26,sun
2019,10,14,1553,1600,14/10/19,14/10/19 15:53,-33.35748,151.50173,23.9,0,23.7,315,39.07,288.36,27,sun
2019,10,14,1554,1600,14/10/19,14/10/19 15:54,-33.35748,151.50173,23.9,0,23.7,283,38.87,288.17,5,sun
2019,10,14,1556,1600,14/10/19,14/10/19 15:56,-33.35748,151.50173,23.9,0,23.7,246,38.47,287.79,42,sun
2019,10,14,1556,1600,14/10/19,14/10/19 15:56,-33.35748,151.50173,23.9,0,23.7,245,38.47,287.79,43,sun
2019,10,14,1558,1600,14/10/19,14/10/19 15:58,-33.35748,151.50173,23.9,0,23.7,12,38.08,287.42,85,sun
2019,10,14,1600,1600,14/10/19,14/10/19 16:00,-33.35748,151.50173,23.9,0,23.7,144,37.68,287.04,143,sun
2019,10,14,1602,1600,14/10/19,14/10/19 16:02,-33.35748,151.50173,23.9,0,23.7,219,37.28,286.68,68,sun
2019,10,14,1602,1600,14/10/19,14/10/19 16:02,-33.35748,151.50173,23.9,0,23.7,32,37.28,286.68,105,sun
2019,10,14,1610,1600,14/10/19,14/10/19 16:10,-33.35748,151.50173,23.9,0,23.7,192,35.67,285.23,93,sun
2019,10,14,1611,1600,14/10/19,14/10/19 16:11,-33.35748,151.50173,23.9,0,23.7,245,35.47,285.06,40,sun
2019,10,14,1616,1600,14/10/19,14/10/19 16:16,-33.35748,151.50173,23.9,0,23.7,218,34.46,284.18,66,sun
2019,10,14,1617,1600,14/10/19,14/10/19 16:17,-33.35748,151.50173,23.9,0,23.7,313,34.26,284.01,29,sun
2019,10,14,1627,1600,14/10/19,14/10/19 16:27,-33.35748,151.50173,23.9,0,23.7,154,32.23,282.32,128,sun
2019,10,14,1628,1600,14/10/19,14/10/19 16:28,-33.35748,151.50173,23.9,0,23.7,307,32.02,282.16,25,sun
2019,10,14,1630,1600,14/10/19,14/10/19 16:30,-33.35748,151.50173,23.9,0,23.7,228,31.62,281.83,54,sun
2019,10,15,1300,1300,15/10/19,15/10/19 13:00,-33.35748,151.50173,25.4,0,25.9,276,64.74,348.56,73,sun
2019,10,15,1301,1300,15/10/19,15/10/19 13:01,-33.35748,151.50173,25.4,0,25.9,15,64.7,347.99,27,sun
2019,10,15,1304,1300,15/10/19,15/10/19 13:04,-33.35748,151.50173,25.4,0,25.9,32,64.56,346.29,46,sun
2019,10,15,1304,1300,15/10/19,15/10/19 13:04,-33.35748,151.50173,25.4,0,25.9,313,64.56,346.29,33,sun
2019,10,15,1308,1300,15/10/19,15/10/19 13:08,-33.35748,151.50173,25.4,0,25.9,289,64.34,344.05,55,sun
2019,10,15,1320,1300,15/10/19,15/10/19 13:20,-33.35748,151.50173,25.4,0,25.9,277,63.52,337.55,61,sun
2019,10,15,1326,1300,15/10/19,15/10/19 13:26,-33.35748,151.50173,25.4,0,25.9,343,63.01,334.45,9,sun
2019,10,15,1328,1300,15/10/19,15/10/19 13:28,-33.35748,151.50173,25.4,0,25.9,110,62.83,333.45,137,sun
2019,10,15,1335,1400,15/10/19,15/10/19 13:35,-33.35748,151.50173,25.4,0,25.9,283,62.14,330.01,47,sun
2019,10,15,1339,1400,15/10/19,15/10/19 13:39,-33.35748,151.50173,25.4,0,25.9,358,61.71,328.11,30,sun
2019,10,15,1351,1400,15/10/19,15/10/19 13:51,-33.35748,151.50173,25.4,0,25.9,321,60.29,322.74,2,sun
2019,10,15,1353,1400,15/10/19,15/10/19 13:53,-33.35748,151.50173,25.4,0,25.9,257,60.04,321.89,65,sun
2019,10,15,1357,1400,15/10/19,15/10/19 13:57,-33.35748,151.50173,25.4,0,25.9,314,59.51,320.22,6,sun
2019,10,15,1402,1400,15/10/19,15/10/19 14:02,-33.35748,151.50173,25.4,0,25.9,275,58.83,318.21,43,sun
2019,10,15,1406,1400,15/10/19,15/10/19 14:06,-33.35748,151.50173,25.4,0,25.9,57,58.27,316.65,100,sun
2019,10,15,1411,1400,15/10/19,15/10/19 14:11,-33.35748,151.50173,25.4,0,25.9,292,57.54,314.77,23,sun
2019,10,15,1412,1400,15/10/19,15/10/19 14:12,-33.35748,151.50173,25.4,0,25.9,169,57.39,314.4,145,sun
2019,10,15,1413,1400,15/10/19,15/10/19 14:13,-33.35748,151.50173,25.4,0,25.9,221,57.24,314.04,93,sun
2019,10,15,1416,1400,15/10/19,15/10/19 14:16,-33.35748,151.50173,25.4,0,25.9,357,56.79,312.96,44,sun
2019,10,15,1422,1400,15/10/19,15/10/19 14:22,-33.35748,151.50173,25.4,0,25.9,24,55.86,310.88,73,sun
2019,10,15,1428,1400,15/10/19,15/10/19 14:28,-33.35748,151.50173,25.4,0,25.9,1,54.9,308.88,52,sun
2019,10,15,1430,1400,15/10/19,15/10/19 14:30,-33.35748,151.50173,25.4,0,25.9,281,54.57,308.24,27,sun
2019,10,15,1430,1400,15/10/19,15/10/19 14:30,-33.35748,151.50173,25.4,0,25.9,265,54.57,308.24,43,sun
2019,10,15,1430,1400,15/10/19,15/10/19 14:30,-33.35748,151.50173,25.4,0,25.9,48,54.57,308.24,100,sun
2019,10,15,1433,1500,15/10/19,15/10/19 14:33,-33.35748,151.50173,25.4,0,25.9,337,54.07,307.29,30,sun
2019,10,15,1434,1500,15/10/19,15/10/19 14:34,-33.35748,151.50173,25.4,0,25.9,312,53.91,306.98,5,sun
2019,10,15,1435,1500,15/10/19,15/10/19 14:35,-33.35748,151.50173,25.4,0,25.9,308,53.74,306.67,1,sun
2019,10,15,1438,1500,15/10/19,15/10/19 14:38,-33.35748,151.50173,25.4,0,25.9,347,53.24,305.76,41,sun
2019,10,15,1446,1500,15/10/19,15/10/19 14:46,-33.35748,151.50173,25.4,0,25.9,327,51.86,303.42,24,sun
2019,10,15,1449,1500,15/10/19,15/10/19 14:49,-33.35748,151.50173,25.4,0,25.9,324,51.34,302.58,21,sun
2019,10,15,1449,1500,15/10/19,15/10/19 14:49,-33.35748,151.50173,25.4,0,25.9,207,51.34,302.58,96,sun
2019,10,15,1449,1500,15/10/19,15/10/19 14:49,-33.35748,151.50173,25.4,0,25.9,343,51.34,302.58,40,sun
2019,10,15,1450,1500,15/10/19,15/10/19 14:50,-33.35748,151.50173,25.4,0,25.9,315,51.16,302.3,13,sun
2019,10,15,1454,1500,15/10/19,15/10/19 14:54,-33.35748,151.50173,25.4,0,25.9,218,50.45,301.21,83,sun
2019,10,15,1455,1500,15/10/19,15/10/19 14:55,-33.35748,151.50173,25.4,0,25.9,232,50.27,300.94,69,sun
2019,10,15,1457,1500,15/10/19,15/10/19 14:57,-33.35748,151.50173,25.4,0,25.9,341,49.91,300.41,41,sun
2019,10,15,1458,1500,15/10/19,15/10/19 14:58,-33.35748,151.50173,25.4,0,25.9,266,49.73,300.15,34,sun
2019,10,15,1500,1500,15/10/19,15/10/19 15:00,-33.35748,151.50173,25.4,0,25.9,237,49.37,299.63,63,sun
2019,10,15,1501,1500,15/10/19,15/10/19 15:01,-33.35748,151.50173,25.4,0,25.9,57,49.19,299.37,118,sun
2019,10,15,1502,1500,15/10/19,15/10/19 15:02,-33.35748,151.50173,25.4,0,25.9,305,49.01,299.11,6,sun
2019,10,15,1504,1500,15/10/19,15/10/19 15:04,-33.35748,151.50173,25.4,0,25.9,356,48.64,298.61,57,sun
2019,10,15,1505,1500,15/10/19,15/10/19 15:05,-33.35748,151.50173,25.4,0,25.9,241,48.46,298.36,57,sun
2019,10,15,1505,1500,15/10/19,15/10/19 15:05,-33.35748,151.50173,25.4,0,25.9,300,48.46,298.36,2,sun
2019,10,15,1506,1500,15/10/19,15/10/19 15:06,-33.35748,151.50173,25.4,0,25.9,288,48.28,298.11,10,sun
2019,10,15,1509,1500,15/10/19,15/10/19 15:09,-33.35748,151.50173,25.4,0,25.9,274,47.72,297.37,23,sun
2019,10,15,1509,1500,15/10/19,15/10/19 15:09,-33.35748,151.50173,25.4,0,25.9,274,47.72,297.37,23,sun
2019,10,15,1511,1500,15/10/19,15/10/19 15:11,-33.35748,151.50173,25.4,0,25.9,344,47.35,296.89,47,sun
2019,10,15,1511,1500,15/10/19,15/10/19 15:11,-33.35748,151.50173,25.4,0,25.9,300,47.35,296.89,3,sun
2019,10,15,1512,1500,15/10/19,15/10/19 15:12,-33.35748,151.50173,25.4,0,25.9,47,47.16,296.65,110,sun
2019,10,15,1514,1500,15/10/19,15/10/19 15:14,-33.35748,151.50173,25.4,0,25.9,30,46.79,296.17,94,sun
2019,10,15,1515,1500,15/10/19,15/10/19 15:15,-33.35748,151.50173,25.4,0,25.9,335,46.6,295.94,39,sun
2019,10,15,1515,1500,15/10/19,15/10/19 15:15,-33.35748,151.50173,25.4,0,25.9,160,46.6,295.94,136,sun
2019,10,15,1517,1500,15/10/19,15/10/19 15:17,-33.35748,151.50173,25.4,0,25.9,213,46.23,295.47,82,sun
2019,10,15,1519,1500,15/10/19,15/10/19 15:19,-33.35748,151.50173,25.4,0,25.9,226,45.85,295.01,69,sun
2019,10,15,1520,1500,15/10/19,15/10/19 15:20,-33.35748,151.50173,25.4,0,25.9,287,45.66,294.78,8,sun
2019,10,15,1521,1500,15/10/19,15/10/19 15:21,-33.35748,151.50173,25.4,0,25.9,1,45.47,294.56,66,sun
2019,10,15,1523,1500,15/10/19,15/10/19 15:23,-33.35748,151.50173,25.4,0,25.9,298,45.09,294.11,4,sun
2019,10,15,1525,1500,15/10/19,15/10/19 15:25,-33.35748,151.50173,25.4,0,25.9,300,44.71,293.66,6,sun
2019,10,15,1525,1500,15/10/19,15/10/19 15:25,-33.35748,151.50173,25.4,0,25.9,355,44.71,293.66,61,sun
2019,10,15,1526,1500,15/10/19,15/10/19 15:26,-33.35748,151.50173,25.4,0,25.9,144,44.52,293.44,149,sun
2019,10,15,1527,1500,15/10/19,15/10/19 15:27,-33.35748,151.50173,25.4,0,25.9,260,44.33,293.23,33,sun
2019,10,15,1529,1500,15/10/19,15/10/19 15:29,-33.35748,151.50173,25.4,0,25.9,285,43.94,292.79,8,sun
2019,10,15,1533,1600,15/10/19,15/10/19 15:33,-33.35748,151.50173,25.4,0,25.9,264,43.17,291.94,28,sun
2019,10,15,1535,1600,15/10/19,15/10/19 15:35,-33.35748,151.50173,25.4,0,25.9,317,42.78,291.52,25,sun
2019,10,15,1537,1600,15/10/19,15/10/19 15:37,-33.35748,151.50173,25.4,0,25.9,232,42.39,291.1,59,sun
2019,10,15,1537,1600,15/10/19,15/10/19 15:37,-33.35748,151.50173,25.4,0,25.9,65,42.39,291.1,134,sun
2019,10,15,1538,1600,15/10/19,15/10/19 15:38,-33.35748,151.50173,25.4,0,25.9,326,42.2,290.9,35,sun
2019,10,15,1539,1600,15/10/19,15/10/19 15:39,-33.35748,151.50173,25.4,0,25.9,284,42,290.69,7,sun
2019,10,15,1539,1600,15/10/19,15/10/19 15:39,-33.35748,151.50173,25.4,0,25.9,318,42,290.69,27,sun
2019,10,15,1543,1600,15/10/19,15/10/19 15:43,-33.35748,151.50173,25.4,0,25.9,235,41.22,289.88,55,sun
2019,10,15,1543,1600,15/10/19,15/10/19 15:43,-33.35748,151.50173,25.4,0,25.9,233,41.22,289.88,57,sun
2019,10,15,1544,1600,15/10/19,15/10/19 15:44,-33.35748,151.50173,25.4,0,25.9,351,41.02,289.68,61,sun
2019,10,15,1546,1600,15/10/19,15/10/19 15:46,-33.35748,151.50173,25.4,0,25.9,290,40.63,289.29,1,sun
2019,10,15,1546,1600,15/10/19,15/10/19 15:46,-33.35748,151.50173,25.4,0,25.9,285,40.63,289.29,4,sun
2019,10,15,1548,1600,15/10/19,15/10/19 15:48,-33.35748,151.50173,25.4,0,25.9,295,40.24,288.9,6,sun
2019,10,15,1548,1600,15/10/19,15/10/19 15:48,-33.35748,151.50173,25.4,0,25.9,263,40.24,288.9,26,sun
2019,10,15,1549,1600,15/10/19,15/10/19 15:49,-33.35748,151.50173,25.4,0,25.9,109,40.04,288.7,180,sun
2019,10,15,1553,1600,15/10/19,15/10/19 15:53,-33.35748,151.50173,25.4,0,25.9,316,39.25,287.93,28,sun
2019,10,15,1554,1600,15/10/19,15/10/19 15:54,-33.35748,151.50173,25.4,0,25.9,254,39.05,287.74,34,sun
2019,10,15,1554,1600,15/10/19,15/10/19 15:54,-33.35748,151.50173,25.4,0,25.9,303,39.05,287.74,15,sun
2019,10,15,1558,1600,15/10/19,15/10/19 15:58,-33.35748,151.50173,25.4,0,25.9,356,38.25,286.99,69,sun
2019,10,15,1602,1600,15/10/19,15/10/19 16:02,-33.35748,151.50173,25.4,0,25.9,288,37.45,286.26,2,sun
2019,10,15,1605,1600,15/10/19,15/10/19 16:05,-33.35748,151.50173,25.4,0,25.9,275,36.85,285.71,11,sun
2019,10,15,1609,1600,15/10/19,15/10/19 16:09,-33.35748,151.50173,25.4,0,25.9,306,36.04,285,21,sun
2019,10,15,1610,1600,15/10/19,15/10/19 16:10,-33.35748,151.50173,25.4,0,25.9,310,35.84,284.82,25,sun
2019,10,15,1612,1600,15/10/19,15/10/19 16:12,-33.35748,151.50173,25.4,0,25.9,200,35.44,284.47,84,sun
2019,10,15,1617,1600,15/10/19,15/10/19 16:17,-33.35748,151.50173,25.4,0,25.9,347,34.43,283.61,63,sun
2019,10,15,1617,1600,15/10/19,15/10/19 16:17,-33.35748,151.50173,25.4,0,25.9,258,34.43,283.61,26,sun
2019,10,15,1618,1600,15/10/19,15/10/19 16:18,-33.35748,151.50173,25.4,0,25.9,282,34.22,283.43,1,sun
2019,10,15,1621,1600,15/10/19,15/10/19 16:21,-33.35748,151.50173,25.4,0,25.9,345,33.61,282.92,62,sun
2019,10,15,1629,1600,15/10/19,15/10/19 16:29,-33.35748,151.50173,25.4,0,25.9,356,31.98,281.59,74,sun
2019,10,16,1338,1400,16/10/19,16/10/19 13:38,-33.35748,151.50173,18.9,0,22.7,19,61.95,328.07,51,sun
2019,10,16,1339,1400,16/10/19,16/10/19 13:39,-33.35748,151.50173,18.9,0,22.7,350,61.84,327.6,22,sun
2019,10,16,1340,1400,16/10/19,16/10/19 13:40,-33.35748,151.50173,18.9,0,22.7,349,61.73,327.14,22,sun
2019,10,16,1340,1400,16/10/19,16/10/19 13:40,-33.35748,151.50173,18.9,0,22.7,333,61.73,327.14,6,sun
2019,10,16,1342,1400,16/10/19,16/10/19 13:42,-33.35748,151.50173,18.9,0,22.7,293,61.5,326.22,33,sun
2019,10,16,1343,1400,16/10/19,16/10/19 13:43,-33.35748,151.50173,18.9,0,22.7,309,61.39,325.76,17,sun
2019,10,16,1343,1400,16/10/19,16/10/19 13:43,-33.35748,151.50173,18.9,0,22.7,337,61.39,325.76,11,sun
2019,10,16,1344,1400,16/10/19,16/10/19 13:44,-33.35748,151.50173,18.9,0,22.7,327,61.27,325.31,2,sun
2019,10,16,1345,1400,16/10/19,16/10/19 13:45,-33.35748,151.50173,18.9,0,22.7,269,61.15,324.86,56,sun
2019,10,16,1345,1400,16/10/19,16/10/19 13:45,-33.35748,151.50173,18.9,0,22.7,326,61.15,324.86,1,sun
2019,10,16,1348,1400,16/10/19,16/10/19 13:48,-33.35748,151.50173,18.9,0,22.7,319,60.78,323.53,5,sun
2019,10,16,1351,1400,16/10/19,16/10/19 13:51,-33.35748,151.50173,18.9,0,22.7,332,60.4,322.23,10,sun
2019,10,16,1351,1400,16/10/19,16/10/19 13:51,-33.35748,151.50173,18.9,0,22.7,299,60.4,322.23,23,sun
2019,10,16,1354,1400,16/10/19,16/10/19 13:54,-33.35748,151.50173,18.9,0,22.7,10,60.02,320.96,49,sun
2019,10,16,1355,1400,16/10/19,16/10/19 13:55,-33.35748,151.50173,18.9,0,22.7,8,59.88,320.54,47,sun
2019,10,16,1355,1400,16/10/19,16/10/19 13:55,-33.35748,151.50173,18.9,0,22.7,319,59.88,320.54,2,sun
2019,10,16,1358,1400,16/10/19,16/10/19 13:58,-33.35748,151.50173,18.9,0,22.7,318,39.48,319.31,1,sun
2019,10,16,1401,1400,16/10/19,16/10/19 14:01,-33.35748,151.50173,18.9,0,22.7,353,59.07,318.11,35,sun
2019,10,16,1404,1400,16/10/19,16/10/19 14:04,-33.35748,151.50173,18.9,0,22.7,355,58.65,316.93,38,sun
2019,10,16,1405,1400,16/10/19,16/10/19 14:05,-33.35748,151.50173,18.9,0,22.7,253,58.5,316.54,64,sun
2019,10,16,1407,1400,16/10/19,16/10/19 14:07,-33.35748,151.50173,18.9,0,22.7,252,58.22,315.78,64,sun
2019,10,16,1409,1400,16/10/19,16/10/19 14:09,-33.35748,151.50173,18.9,0,22.7,13,57.92,315.02,58,sun
2019,10,16,1409,1400,16/10/19,16/10/19 14:09,-33.35748,151.50173,18.9,0,22.7,294,57.92,315.02,21,sun
2019,10,16,1413,1400,16/10/19,16/10/19 14:13,-33.35748,151.50173,18.9,0,22.7,9,57.33,313.55,55,sun
2019,10,16,1414,1400,16/10/19,16/10/19 14:14,-33.35748,151.50173,18.9,0,22.7,292,57.17,313.19,21,sun
2019,10,16,1414,1400,16/10/19,16/10/19 14:14,-33.35748,151.50173,18.9,0,22.7,33,57.17,313.19,80,sun
2019,10,16,1415,1400,16/10/19,16/10/19 14:15,-33.35748,151.50173,18.9,0,22.7,290,57.02,312.84,23,sun
2019,10,16,1420,1400,16/10/19,16/10/19 14:20,-33.35748,151.50173,18.9,0,22.7,29,56.25,311.09,78,sun
2019,10,16,1420,1400,16/10/19,16/10/19 14:20,-33.35748,151.50173,18.9,0,22.7,354,56.25,311.09,43,sun
2019,10,16,1423,1400,16/10/19,16/10/19 14:23,-33.35748,151.50173,18.9,0,22.7,320,55.77,310.07,10,sun
2019,10,16,1423,1400,16/10/19,16/10/19 14:23,-33.35748,151.50173,18.9,0,22.7,277,55.77,310.07,33,sun
2019,10,16,1424,1400,16/10/19,16/10/19 14:24,-33.35748,151.50173,18.9,0,22.7,320,55.61,309.74,10,sun
2019,10,16,1424,1400,16/10/19,16/10/19 14:24,-33.35748,151.50173,18.9,0,22.7,276,55.61,309.74,34,sun
2019,10,16,1424,1400,16/10/19,16/10/19 14:24,-33.35748,151.50173,18.9,0,22.7,178,55.61,309.74,132,sun
2019,10,16,1425,1400,16/10/19,16/10/19 14:25,-33.35748,151.50173,18.9,0,22.7,82,55.45,309.4,133,sun
2019,10,16,1425,1400,16/10/19,16/10/19 14:25,-33.35748,151.50173,18.9,0,22.7,38,55.45,309.4,89,sun
2019,10,16,1425,1400,16/10/19,16/10/19 14:25,-33.35748,151.50173,18.9,0,22.7,347,55.45,309.4,38,sun
2019,10,16,1427,1400,16/10/19,16/10/19 14:27,-33.35748,151.50173,18.9,0,22.7,287,55.13,308.75,22,sun
2019,10,16,1427,1400,16/10/19,16/10/19 14:27,-33.35748,151.50173,18.9,0,22.7,240,55.13,308.75,69,sun
2019,10,16,1428,1400,16/10/19,16/10/19 14:28,-33.35748,151.50173,18.9,0,22.7,226,54.96,308.42,82,sun
2019,10,16,1429,1400,16/10/19,16/10/19 14:29,-33.35748,151.50173,18.9,0,22.7,285,54.8,308.1,23,sun
2019,10,16,1429,1400,16/10/19,16/10/19 14:29,-33.35748,151.50173,18.9,0,22.7,322,54.8,308.1,14,sun
2019,10,16,1429,1400,16/10/19,16/10/19 14:29,-33.35748,151.50173,18.9,0,22.7,347,54.8,308.1,39,sun
2019,10,22,1001,1000,22/10/19,22/10/19 10:01,-33.35748,151.50173,26.6,0,32.7,104,49.6,81.9,22,sunblock
2019,10,22,1013,1000,22/10/19,22/10/19 10:13,-33.35748,151.50173,26.6,0,32.7,243,52.1,79.8,163,sunblock
2019,10,22,1018,1000,22/10/19,22/10/19 10:18,-33.35748,151.50173,26.6,0,32.7,232,53.1,78.8,153,sunblock
2019,10,22,1024,1000,22/10/19,22/10/19 10:24,-33.35748,151.50173,26.6,0,32.7,264,54.4,77.7,174,sunblock
2019,10,22,1024,1000,22/10/19,22/10/19 10:24,-33.35748,151.50173,26.6,0,32.7,128,54.4,77.7,50,sunblock
2019,10,22,1025,1000,22/10/19,22/10/19 10:25,-33.35748,151.50173,26.6,0,32.7,198,54.6,77.5,121,sunblock
2019,10,22,1030,1000,22/10/19,22/10/19 10:30,-33.35748,151.50173,26.6,0,32.7,101,55.6,76.4,25,sunblock
2019,10,22,1031,1100,22/10/19,22/10/19 10:31,-33.35748,151.50173,26.6,0,32.7,103,55.8,76.2,27,sunblock
2019,10,22,1046,1100,22/10/19,22/10/19 10:46,-33.35748,151.50173,26.6,0,32.7,100,58.8,72.9,27,sunblock
2019,10,22,1049,1100,22/10/19,22/10/19 10:49,-33.35748,151.50173,26.6,0,32.7,313,59.4,72.1,119,sunblock
2019,10,22,1050,1100,22/10/19,22/10/19 10:50,-33.35748,151.50173,26.6,0,32.7,350,59.6,71.9,82,sunblock
2019,10,22,1051,1100,22/10/19,22/10/19 10:51,-33.35748,151.50173,26.6,0,32.7,202,59.8,71.6,130,sunblock
2019,10,22,1052,1100,22/10/19,22/10/19 10:52,-33.35748,151.50173,26.6,0,32.7,246,60,71.4,175,sunblock
2019,10,22,1059,1100,22/10/19,22/10/19 10:59,-33.35748,151.50173,26.6,0,32.7,352,61.4,69.6,78,sunblock
2019,10,22,1108,1100,22/10/19,22/10/19 11:08,-33.35748,151.50173,26.6,0,32.7,161,63.1,67,94,sunblock
2019,10,22,1112,1100,22/10/19,22/10/19 11:12,-33.35748,151.50173,26.6,0,32.7,86,63.9,65.8,20,sunblock
2019,10,22,1113,1100,22/10/19,22/10/19 11:13,-33.35748,151.50173,26.6,0,32.7,55,64.1,65.5,11,sunblock
2019,10,22,1125,1100,22/10/19,22/10/19 11:25,-33.35748,151.50173,26.6,0,32.7,58,66.3,61.4,3,sunblock
2019,10,22,1132,1200,22/10/19,22/10/19 11:32,-33.35748,151.50173,26.6,0,32.7,300,67.6,58.7,119,sunblock
2019,10,22,1134,1200,22/10/19,22/10/19 11:34,-33.35748,151.50173,26.6,0,32.7,132,68,57.9,74,sunblock
2019,10,22,1137,1200,22/10/19,22/10/19 11:37,-33.35748,151.50173,26.6,0,32.7,111,68.5,56.7,54,sunblock
2019,10,22,1140,1200,22/10/19,22/10/19 11:40,-33.35748,151.50173,26.6,0,32.7,155,69,55.3,100,sunblock
2019,10,22,1141,1200,22/10/19,22/10/19 11:41,-33.35748,151.50173,26.6,0,32.7,8,69.2,54.9,47,sunblock
2019,10,22,1151,1200,22/10/19,22/10/19 11:51,-33.35748,151.50173,26.6,0,32.7,101,70.8,50,51,sunblock
2019,10,22,1152,1200,22/10/19,22/10/19 11:52,-33.35748,151.50173,26.6,0,32.7,220,71,49.5,171,sunblock
2019,10,22,1154,1200,22/10/19,22/10/19 11:54,-33.35748,151.50173,26.6,0,32.7,225,71.3,48.4,177,sunblock
2019,10,22,1222,1200,22/10/19,22/10/19 12:22,-33.35748,151.50173,26.6,0,32.7,84,75,29.5,55,sunblock
2019,10,22,1224,1200,22/10/19,22/10/19 12:24,-33.35748,151.50173,26.6,0,32.7,4,75.2,27.9,24,sunblock
2019,10,22,1226,1200,22/10/19,22/10/19 12:26,-33.35748,151.50173,26.6,0,32.7,247,75.4,26.2,139,sunblock
2019,10,22,1228,1200,22/10/19,22/10/19 12:28,-33.35748,151.50173,26.6,0,32.7,319,75.6,24.4,65,sunblock
2019,10,22,1229,1200,22/10/19,22/10/19 12:29,-33.35748,151.50173,26.6,0,32.7,117,75.7,23.5,94,sunblock
2019,10,22,1236,1300,22/10/19,22/10/19 12:36,-33.35748,151.50173,26.6,0,32.7,331,76.2,17.1,46,sunblock
2019,10,22,1257,1300,22/10/19,22/10/19 12:57,-33.35748,151.50173,26.6,0,32.7,236,76.7,356.1,120,sunblock
2019,10,22,1320,1300,22/10/19,22/10/19 13:20,-33.35748,151.50173,26.6,0,32.7,314,75.4,334.1,20,sunblock
2019,10,22,1324,1300,22/10/19,22/10/19 13:24,-33.35748,151.50173,26.6,0,32.7,161,75.1,330.8,170,sunblock
2019,10,22,1330,1400,22/10/19,22/10/19 13:30,-33.35748,151.50173,26.6,0,32.7,53,74.4,326,87,sunblock
2019,10,22,1337,1400,22/10/19,22/10/19 13:37,-33.35748,151.50173,26.6,0,32.7,190,73.5,321,131,sunblock
2019,10,22,1349,1400,22/10/19,22/10/19 13:49,-33.35748,151.50173,26.6,0,32.7,348,71.8,313.4,35,sunblock
2019,10,22,1358,1400,22/10/19,22/10/19 13:58,-33.35748,151.50173,26.6,0,32.7,85,70.4,308.6,136,sunblock
2019,10,22,1402,1400,22/10/19,22/10/19 14:02,-33.35748,151.50173,26.6,0,32.7,29,69.8,306.6,82,sunblock
2019,10,22,1418,1400,22/10/19,22/10/19 14:18,-33.35748,151.50173,26.6,0,32.7,113,67,299.8,173,sunblock
2019,10,22,1420,1400,22/10/19,22/10/19 14:20,-33.35748,151.50173,26.6,0,32.7,294,66.6,299,5,sunblock
2019,10,22,1434,1500,22/10/19,22/10/19 14:34,-33.35748,151.50173,26.6,0,32.7,85,64,294.3,151,sunblock
2019,10,22,1439,1500,22/10/19,22/10/19 14:39,-33.35748,151.50173,26.6,0,32.7,1,63,292.7,68,sunblock
2019,10,22,1441,1500,22/10/19,22/10/19 14:41,-33.35748,151.50173,26.6,0,32.7,278,62.6,292.2,14,sunblock
2019,10,22,1443,1500,22/10/19,22/10/19 14:43,-33.35748,151.50173,26.6,0,32.7,85,62.3,291.6,153,sunblock
2019,10,22,1456,1500,22/10/19,22/10/19 14:56,-33.35748,151.50173,26.6,0,32.7,38,59.7,288.1,110,sunblock
2019,10,22,1501,1500,22/10/19,22/10/19 15:01,-33.35748,151.50173,26.6,0,32.7,225,58.7,286.9,62,sunblock
2019,10,22,1530,1500,22/10/19,22/10/19 15:30,-33.35748,151.50173,26.6,0,32.7,147,52.8,280.8,134,sunblock
2019,10,22,1535,1600,22/10/19,22/10/19 15:35,-33.35748,151.50173,26.6,0,32.7,159,51.8,279.9,121,sunblock
2019,10,22,1537,1600,22/10/19,22/10/19 15:37,-33.35748,151.50173,26.6,0,32.7,86,51.4,279.5,167,sunblock
2019,10,22,1537,1600,22/10/19,22/10/19 15:37,-33.35748,151.50173,26.6,0,32.7,344,51.4,279.5,65,sunblock
2019,10,22,1541,1600,22/10/19,22/10/19 15:41,-33.35748,151.50173,26.6,0,32.7,231,50.6,278.8,48,sunblock
2019,10,22,1544,1600,22/10/19,22/10/19 15:44,-33.35748,151.50173,26.6,0,32.7,339,49.9,278.3,61,sunblock
2019,10,22,1547,1600,22/10/19,22/10/19 15:47,-33.35748,151.50173,26.6,0,32.7,66,49.3,277.7,148,sunblock
2019,10,22,1549,1600,22/10/19,22/10/19 15:49,-33.35748,151.50173,26.6,0,32.7,132,48.9,277.4,145,sunblock
2019,10,22,1557,1600,22/10/19,22/10/19 15:57,-33.35748,151.50173,26.6,0,32.7,294,47.3,276.1,18,sunblock
2019,10,22,1602,1600,22/10/19,22/10/19 16:02,-33.35748,151.50173,26.6,0,32.7,137,46.2,275.3,138,sunblock
2019,10,22,1604,1600,22/10/19,22/10/19 16:04,-33.35748,151.50173,26.6,0,32.7,29,45.8,275,114,sunblock
2019,10,22,1605,1600,22/10/19,22/10/19 16:05,-33.35748,151.50173,26.6,0,32.7,114,45.6,274.8,161,sunblock
2019,10,22,1611,1600,22/10/19,22/10/19 16:11,-33.35748,151.50173,26.6,0,32.7,121,44.3,273.9,153,sunblock
2019,10,22,1613,1600,22/10/19,22/10/19 16:13,-33.35748,151.50173,26.6,0,32.7,168,43.9,273.6,106,sunblock
2019,10,22,1616,1600,22/10/19,22/10/19 16:16,-33.35748,151.50173,26.6,0,32.7,250,43.3,273.1,23,sunblock
2019,10,22,1621,1600,22/10/19,22/10/19 16:21,-33.35748,151.50173,26.6,0,32.7,322,42.3,272.4,50,sunblock
2019,10,22,1623,1600,22/10/19,22/10/19 16:23,-33.35748,151.50173,26.6,0,32.7,325,41.8,272.1,53,sunblock
2019,10,22,1626,1600,22/10/19,22/10/19 16:26,-33.35748,151.50173,26.6,0,32.7,88,41.2,271.7,176,sunblock
2019,10,23,731,800,23/10/19,23/10/19 7:31,-33.35748,151.50173,25.2,0,34.3,322,18.5,102.2,140,sunblock
2019,10,23,732,800,23/10/19,23/10/19 7:32,-33.35748,151.50173,25.2,0,34.3,31,17,92,61,sunblock
2019,10,23,733,800,23/10/19,23/10/19 7:33,-33.35748,151.50173,25.2,0,34.3,236,17,92,144,sunblock
2019,10,23,733,800,23/10/19,23/10/19 7:33,-33.35748,151.50173,25.2,0,34.3,232,17,92,140,sunblock
2019,10,23,734,800,23/10/19,23/10/19 7:34,-33.35748,151.50173,25.2,0,34.3,10,17,92,82,sunblock
2019,10,23,734,800,23/10/19,23/10/19 7:34,-33.35748,151.50173,25.2,0,34.3,276,17,92,176,sunblock
2019,10,23,735,800,23/10/19,23/10/19 7:35,-33.35748,151.50173,25.2,0,34.3,19,19.3,101.7,83,sunblock
2019,10,23,735,800,23/10/19,23/10/19 7:25,-33.35748,151.50173,25.2,0,34.3,189,16,93,96,sunblock
2019,10,23,737,800,23/10/19,23/10/19 7:37,-33.35748,151.50173,25.2,0,34.3,204,19.7,101.4,103,sunblock
2019,10,23,740,800,23/10/19,23/10/19 7:40,-33.35748,151.50173,25.2,0,34.3,90,19,91,1,sunblock
2019,10,23,742,800,23/10/19,23/10/19 7:42,-33.35748,151.50173,25.2,0,34.3,271,19,91,180,sunblock
2019,10,23,743,800,23/10/19,23/10/19 7:43,-33.35748,151.50173,25.2,0,34.3,46,21,100.7,55,sunblock
2019,10,23,743,800,23/10/19,23/10/19 7:43,-33.35748,151.50173,25.2,0,34.3,301,19,91,150,sunblock
2019,10,23,744,800,23/10/19,23/10/19 7:44,-33.35748,151.50173,25.2,0,34.3,328,21.2,100.6,133,sunblock
2019,10,23,744,800,23/10/19,23/10/19 7:44,-33.35748,151.50173,25.2,0,34.3,181,21.2,100.6,80,sunblock
2019,10,23,744,800,23/10/19,23/10/19 7:44,-33.35748,151.50173,25.2,0,34.3,190,20,91,99,sunblock
2019,10,23,744,800,23/10/19,23/10/19 7:44,-33.35748,151.50173,25.2,0,34.3,21,20,91,70,sunblock
2019,10,23,745,800,23/10/19,23/10/19 7:45,-33.35748,151.50173,25.2,0,34.3,198,20,90,108,sunblock
2019,10,23,748,800,23/10/19,23/10/19 7:48,-33.35748,151.50173,25.2,0,34.3,158,20,90,68,sunblock
2019,10,23,748,800,23/10/19,23/10/19 7:48,-33.35748,151.50173,25.2,0,34.3,8,20,90,82,sunblock
2019,10,23,748,800,23/10/19,23/10/19 7:28,-33.35748,151.50173,25.2,0,34.3,152,16,93,59,sunblock
2019,10,23,749,800,23/10/19,23/10/19 7:49,-33.35748,151.50173,25.2,0,34.3,231,22.2,100,131,sunblock
2019,10,23,750,800,23/10/19,23/10/19 7:50,-33.35748,151.50173,25.2,0,34.3,247,21,90,157,sunblock
2019,10,23,753,800,23/10/19,23/10/19 7:53,-33.35748,151.50173,25.2,0,34.3,129,21,89,40,sunblock
2019,10,23,756,800,23/10/19,23/10/19 7:56,-33.35748,151.50173,25.2,0,34.3,324,22,89,125,sunblock
2019,10,23,807,800,23/10/19,23/10/19 8:07,-33.35748,151.50173,25.2,0,34.3,332,24,87,115,sunblock
2019,10,23,816,800,23/10/19,23/10/19 8:16,-33.35748,151.50173,25.2,0,34.3,56,26,86,30,sunblock
2019,10,23,819,800,23/10/19,23/10/19 8:19,-33.35748,151.50173,25.2,0,34.3,119,28.4,96.3,23,sunblock
2019,10,23,827,800,23/10/19,23/10/19 8:27,-33.35748,151.50173,25.2,0,34.3,165,29,84,81,sunblock
2019,10,23,830,800,23/10/19,23/10/19 8:30,-33.35748,151.50173,25.2,0,34.3,55,29,84,29,sunblock
2019,10,23,833,900,23/10/19,23/10/19 8:33,-33.35748,151.50173,25.2,0,34.3,339,30,84,105,sunblock
2019,10,23,836,900,23/10/19,23/10/19 8:36,-33.35748,151.50173,25.2,0,34.3,223,31.9,94.1,129,sunblock
2019,10,23,839,900,23/10/19,23/10/19 8:39,-33.35748,151.50173,25.2,0,34.3,213,32.6,93.7,119,sunblock
2019,10,23,840,900,23/10/19,23/10/19 8:40,-33.35748,151.50173,25.2,0,34.3,137,31,83,54,sunblock
2019,10,23,852,900,23/10/19,23/10/19 8:52,-33.35748,151.50173,25.2,0,34.3,84,35.3,92,8,sunblock
2019,10,23,906,900,23/10/19,23/10/19 9:06,-33.35748,151.50173,25.2,0,34.3,292,38.2,90.2,158,sunblock
2019,10,23,919,900,23/10/19,23/10/19 9:19,-33.35748,151.50173,25.2,0,34.3,205,39,76,129,sunblock
2019,10,23,923,900,23/10/19,23/10/19 9:23,-33.35748,151.50173,25.2,0,34.3,17,41.7,87.8,71,sunblock
2019,10,23,933,1000,23/10/19,23/10/19 9:33,-33.35748,151.50173,25.2,0,34.3,206,43.8,86.3,120,sunblock
2019,10,23,936,1000,23/10/19,23/10/19 9:36,-33.35748,151.50173,25.2,0,34.3,97,44.4,85.9,11,sunblock
2019,10,23,938,1000,23/10/19,23/10/19 9:38,-33.35748,151.50173,25.2,0,34.3,122,44.9,85.5,37,sunblock
2019,10,23,941,900,23/10/19,23/10/19 9:41,-33.35748,151.50173,25.2,0,34.3,327,45.5,85.1,118,sunblock
2019,10,23,943,1000,23/10/19,23/10/19 9:43,-33.35748,151.50173,25.2,0,34.3,62,45.9,84.8,23,sunblock
2019,10,23,951,1000,23/10/19,23/10/19 9:51,-33.35748,151.50173,25.2,0,34.3,100,46,70,30,sunblock
2019,10,23,953,1000,23/10/19,23/10/19 9:53,-33.35748,151.50173,25.2,0,34.3,205,46,69,136,sunblock
2019,10,23,1040,1100,23/10/19,23/10/19 10:40,-33.35748,151.50173,25.2,0,34.3,32,55,58,26,sunblock
2019,10,23,1117,1100,23/10/19,23/10/19 11:17,-33.35748,151.50173,25.2,0,34.3,279,64.8,64,145,sunblock
2019,10,23,1123,1100,23/10/19,23/10/19 11:23,-33.35748,151.50173,25.2,0,34.3,280,65.9,62,142,sunblock
2019,10,23,1129,1100,23/10/19,23/10/19 11:29,-33.35748,151.50173,25.2,0,34.3,19,67,59.8,41,sunblock
2019,10,23,1130,1100,23/10/19,23/10/19 11:30,-33.35748,151.50173,25.2,0,34.3,205,67.2,59.4,146,sunblock
2019,10,23,1140,1200,23/10/19,23/10/19 11:40,-33.35748,151.50173,25.2,0,34.3,6,64,35,29,sunblock
2019,10,23,1201,1200,23/10/19,23/10/19 12:01,-33.35748,151.50173,25.2,0,34.3,229,66,24,155,sunblock
2019,10,23,1202,1200,23/10/19,23/10/19 12:02,-33.35748,151.50173,25.2,0,34.3,114,72.5,43.6,70,sunblock
2019,10,23,1216,1200,23/10/19,23/10/19 12:16,-33.35748,151.50173,25.2,0,34.3,199,67,15,176,sunblock
2019,10,23,1227,1200,23/10/19,23/10/19 12:27,-33.35748,151.50173,25.2,0,34.3,284,68,8,84,sunblock
2019,10,23,1235,1300,23/10/19,23/10/19 12:35,-33.35748,151.50173,25.2,0,34.3,79,68,3,76,sunblock
2019,10,23,1236,1200,23/10/19,23/10/19 12:36,-33.35748,151.50173,25.2,0,34.3,336,76.1,17,41,sunblock
2019,10,23,1237,1300,23/10/19,23/10/19 12:37,-33.35748,151.50173,25.2,0,34.3,155,68,1,154,sunblock
2019,10,23,1251,1300,23/10/19,23/10/19 12:51,-33.35748,151.50173,25.2,0,34.3,178,76.7,2.1,176,sunblock
2019,10,23,1253,1300,23/10/19,23/10/19 12:53,-33.35748,151.50173,25.2,0,34.3,106,68,351,115,sunblock
2019,10,23,1258,1300,23/10/19,23/10/19 12:58,-33.35748,151.50173,25.2,0,34.3,96,76.6,355,101,sunblock
2019,10,23,1302,1300,23/10/19,23/10/19 13:02,-33.35748,151.50173,25.2,0,34.3,335,67,345,10,sunblock
2019,10,23,1310,1300,23/10/19,23/10/19 13:10,-33.35748,151.50173,25.2,0,34.3,186,67,340,154,sunblock
2019,10,23,1313,1300,23/10/19,23/10/19 13:13,-33.35748,151.50173,25.2,0,34.3,223,76,340.4,117,sunblock
2019,10,23,1316,1300,23/10/19,23/10/19 13:16,-33.35748,151.50173,25.2,0,34.3,273,75.7,337.6,65,sunblock
2019,10,23,1321,1300,23/10/19,23/10/19 13:21,-33.35748,151.50173,25.2,0,34.3,160,75.3,333.3,173,sunblock
2019,10,23,1338,1400,23/10/19,23/10/19 13:38,-33.35748,151.50173,25.2,0,34.3,44,64,325,79,sunblock
2019,10,23,1612,1600,23/10/19,23/10/19 16:12,-33.35748,151.50173,25.2,0,34.3,178,44.1,273.8,96,sunblock
2019,10,24,736,800,24/10/19,24/10/19 7:36,-33.35748,151.50173,26.4,0,32.7,63,19.6,101.7,39,sunblock
2019,10,24,737,800,24/10/19,24/10/19 7:37,-33.35748,151.50173,26.4,0,32.7,79,19.8,101.6,23,sunblock
2019,10,24,738,800,24/10/19,24/10/19 7:38,-33.35748,151.50173,26.4,0,32.7,305,20,101.5,157,sunblock
2019,10,24,739,800,24/10/19,24/10/19 7:39,-33.35748,151.50173,26.4,0,32.7,198,20.2,101.4,97,sunblock
2019,10,24,743,800,24/10/19,24/10/19 7:43,-33.35748,151.50173,26.4,0,32.7,282,21,100.9,179,sunblock
2019,10,24,751,800,24/10/19,24/10/19 7:51,-33.35748,151.50173,26.4,0,32.7,144,22.6,99.9,44,sunblock
2019,10,24,800,800,24/10/19,24/10/19 8:00,-33.35748,151.50173,26.4,0,32.7,280,24.5,98.8,179,sunblock
2019,10,24,815,800,24/10/19,24/10/19 8:15,-33.35748,151.50173,26.4,0,32.7,137,27.6,96.9,40,sunblock
2019,10,24,821,800,24/10/19,24/10/19 8:21,-33.35748,151.50173,26.4,0,32.7,338,28.8,96.2,118,sunblock
2019,10,24,848,900,24/10/19,24/10/19 8:48,-33.35748,151.50173,26.4,0,32.7,297,34.5,92.8,156,sunblock
2019,10,24,900,900,24/10/19,24/10/19 9:00,-33.35748,151.50173,26.4,0,32.7,101,37,91.2,10,sunblock
2019,10,24,904,900,24/10/19,24/10/19 9:04,-33.35748,151.50173,26.4,0,32.7,207,37.8,90.6,116,sunblock
2019,10,24,910,900,24/10/19,24/10/19 9:10,-33.35748,151.50173,26.4,0,32.7,131,39.1,89.8,41,sunblock
2019,10,24,927,900,24/10/19,24/10/19 9:27,-33.35748,151.50173,26.4,0,32.7,56,42.6,87.4,31,sunblock
2019,10,24,949,900,24/10/19,24/10/19 9:49,-33.35748,151.50173,26.4,0,32.7,274,47.2,84,170,sunblock
2019,10,24,949,1000,24/10/19,24/10/19 9:49,-33.35748,151.50173,26.4,0,32.7,339,47.2,84,105,sunblock
2019,10,24,1009,1000,24/10/19,24/10/19 10:09,-33.35748,151.50173,26.4,0,32.7,19,51.3,80.7,62,sunblock
2019,10,24,1016,1000,24/10/19,24/10/19 10:16,-33.35748,151.50173,26.4,0,32.7,216,52.8,79.4,137,sunblock
2019,10,24,1018,1000,24/10/19,24/10/19 10:18,-33.35748,151.50173,26.4,0,32.7,7,53.2,79,72,sunblock
2019,10,24,1018,1000,24/10/19,24/10/19 10:18,-33.35748,151.50173,26.4,0,32.7,38,53.2,79,41,sunblock
2019,10,24,1032,1100,24/10/19,24/10/19 10:32,-33.35748,151.50173,26.4,0,32.7,111,56,76.2,35,sunblock
2019,10,24,1043,1100,24/10/19,24/10/19 10:43,-33.35748,151.50173,26.4,0,32.7,2,58.3,73.8,72,sunblock
2019,10,24,1047,1100,24/10/19,24/10/19 10:47,-33.35748,151.50173,26.4,0,32.7,328,59.1,72.8,105,sunblock
2019,10,24,1056,1100,24/10/19,24/10/19 10:56,-33.35748,151.50173,26.4,0,32.7,170,60.8,70.6,99,sunblock
2019,10,24,1111,1100,24/10/19,24/10/19 11:11,-33.35748,151.50173,26.4,0,32.7,42,63.8,66.3,24,sunblock
2019,10,24,1119,1100,24/10/19,24/10/19 11:19,-33.35748,151.50173,26.4,0,32.7,211,65.3,63.7,147,sunblock
2019,10,24,1137,1200,24/10/19,24/10/19 11:37,-33.35748,151.50173,26.4,0,32.7,258,68.5,56.9,159,sunblock
2019,10,24,1156,1200,24/10/19,24/10/19 11:56,-33.35748,151.50173,26.4,0,32.7,323,71.7,47.6,85,sunblock
2019,10,24,1224,1200,24/10/19,24/10/19 12:24,-33.35748,151.50173,26.4,0,32.7,223,75.3,28.1,165,sunblock
2019,10,24,1232,1200,24/10/19,24/10/19 12:32,-33.35748,151.50173,26.4,0,32.7,302,76,21,79,sunblock
2019,10,24,1238,1300,24/10/19,24/10/19 12:38,-33.35748,151.50173,26.4,0,32.7,110,76.4,15.4,95,sunblock
2019,10,24,1240,1300,24/10/19,24/10/19 12:40,-33.35748,151.50173,26.4,0,32.7,255,76.5,13.4,118,sunblock
2019,10,24,1258,1300,24/10/19,24/10/19 12:58,-33.35748,151.50173,26.4,0,32.7,146,76.8,355.1,151,sunblock
2019,10,24,1306,1300,24/10/19,24/10/19 13:36,-33.35748,151.50173,26.4,0,32.7,108,73.8,321.5,147,sunblock
2019,10,24,1322,1300,24/10/19,24/10/19 13:22,-33.35748,151.50173,26.4,0,32.7,129,75.4,332.3,157,sunblock
2019,10,24,1325,1300,24/10/19,24/10/19 13:25,-33.35748,151.50173,26.4,0,32.7,175,75.1,329.8,155,sunblock
2019,10,24,1346,1400,24/10/19,24/10/19 13:46,-33.35748,151.50173,26.4,0,32.7,69,72.4,315,114,sunblock
2019,10,24,1351,1400,24/10/19,24/10/19 13:51,-33.35748,151.50173,26.4,0,32.7,148,71.6,312.1,164,sunblock
2019,10,24,1351,1400,24/10/19,24/10/19 13:51,-33.35748,151.50173,26.4,0,32.7,69,71.6,312.1,117,sunblock
2019,10,24,1418,1400,24/10/19,24/10/19 14:18,-33.35748,151.50173,26.4,0,32.7,162,67,299.6,138,sunblock
2019,10,24,1423,1400,24/10/19,24/10/19 14:23,-33.35748,151.50173,26.4,0,32.7,260,66.1,297.8,38,sunblock
2019,10,24,1427,1400,24/10/19,24/10/19 14:27,-33.35748,151.50173,26.4,0,32.7,268,65.4,296.4,28,sunblock
2019,10,24,1433,1500,24/10/19,24/10/19 14:33,-33.35748,151.50173,26.4,0,32.7,329,64.2,294.4,35,sunblock
2019,10,24,1446,1500,24/10/19,24/10/19 14:46,-33.35748,151.50173,26.4,0,32.7,13,61.7,290.6,82,sunblock
2019,10,24,1453,1500,24/10/19,24/10/19 14:53,-33.35748,151.50173,26.4,0,32.7,192,60.4,288.7,97,sunblock
2019,10,24,1522,1500,24/10/19,24/10/19 15:22,-33.35748,151.50173,26.4,0,32.7,324,54.5,282.2,42,sunblock
2019,10,24,1523,1500,24/10/19,24/10/19 15:23,-33.35748,151.50173,26.4,0,32.7,352,54.3,282,70,sunblock
2019,10,24,1527,1500,24/10/19,24/10/19 15:27,-33.35748,151.50173,26.4,0,32.7,90,53.5,281.2,169,sunblock
2019,10,24,1529,1500,24/10/19,24/10/19 15:29,-33.35748,151.50173,26.4,0,32.7,184,53.1,280.8,97,sunblock
2019,10,24,1536,1600,24/10/19,24/10/19 15:36,-33.35748,151.50173,26.4,0,32.7,320,51.7,279.5,41,sunblock
2019,10,24,1539,1600,24/10/19,24/10/19 15:39,-33.35748,151.50173,26.4,0,32.7,132,51,279,147,sunblock
2019,10,24,1548,1600,24/10/19,24/10/19 15:48,-33.35748,151.50173,26.4,0,32.7,181,49.2,277.4,96,sunblock
2019,10,24,1558,1600,24/10/19,24/10/19 15:58,-33.35748,151.50173,26.4,0,32.7,315,47.1,275.8,39,sunblock
2019,10,24,1600,1600,24/10/19,24/10/19 16:00,-33.35748,151.50173,26.4,0,32.7,221,46.7,275.5,55,sunblock
2019,10,24,1608,1600,24/10/19,24/10/19 16:08,-33.35748,151.50173,26.4,0,32.7,26,45,274.2,112,sunblock
2019,10,24,1610,1600,24/10/19,24/10/19 16:10,-33.35748,151.50173,26.4,0,32.7,300,44.6,273.9,26,sunblock
2019,10,24,1616,1600,24/10/19,24/10/19 16:16,-33.35748,151.50173,26.4,0,32.7,290,43.4,273,17,sunblock