wl,orient_000,orient_010,orient_020,orient_030,orient_040,orient_050,orient_060,orient_070,orient_080,orient_090,orient_100,orient_110,orient_120,orient_130,orient_140,orient_150,orient_160,orient_170,orient_180
300,0.000394627,0.000148746,0.000572255,0.000256569,0.000303843,0.000215373,0.000417804,0.000372804,0.000601058,0.000802519,0.001000479,0.0011837,0.0005617,0.000226472,0.00013751,0.000513157,0.000271863,0.000196548,0.000382157
301,0.000437545,0.000157495,0.000594311,0.000311538,0.000330848,0.000193185,0.000445823,0.000463505,0.000676176,0.000946296,0.000967779,0.000906197,0.001217769,0.00024437,0.000192529,0.000511806,0.000349604,0.000262529,0.000430991
302,0.000520903,0.000271887,0.000585901,0.000323099,0.000431069,0.000274116,0.000542116,0.000421887,0.000696312,0.000731321,0.001253624,0.000697619,0.001129561,0.000277329,0.000293953,0.000561329,0.000386655,0.000346691,0.000481704
303,0.00051125,0.000286667,0.000550084,0.000330584,0.000407667,0.0002795,0.00061975,0.000380334,0.0006975,0.001021475,0.00052929,0.001561085,0.000837195,0.000311333,0.000312417,0.00053,0.000349917,0.000322833,0.00052025
304,0.000455681,0.000282034,0.000469202,0.000290004,0.000330845,0.00020492,0.000565521,0.000292761,0.000602168,0.000864794,0.000396576,0.001278586,0.001295804,0.000321517,0.000288319,0.000487038,0.000240597,0.000290761,0.000476168
305,0.000493983,0.000323777,0.000495008,0.000253975,0.000320851,0.000253165,0.000615835,0.00024505,0.000589132,0.000803863,0.000695935,0.001304908,0.000359055,0.000397628,0.000287388,0.000557529,0.000256868,0.000290132,0.000466504
306,0.000534592,0.000298255,0.000520112,0.000283592,0.000321507,0.00020269,0.000598423,0.000257408,0.000604042,0.001345283,0.001288933,0.001130514,0.001289263,0.000412099,0.000300282,0.000615661,0.000296549,0.000283267,0.000510238
307,0.000621066,0.00029455,0.000600099,0.000384132,0.000393066,0.000286542,0.000669387,0.000305369,0.000682926,0.001433488,0.000922497,0.001512101,0.001291815,0.000449435,0.000362623,0.000771461,0.000346664,0.000316173,0.000511066
308,0.00068396,0.00036392,0.00065004,0.000442402,0.000497858,0.000346839,0.000775721,0.00037744,0.000763338,0.001297639,0.001144579,0.000763041,0.00135125,0.000450241,0.0004006,0.000890279,0.000440099,0.000337823,0.00058374
309,0.000792763,0.000438475,0.000815152,0.000609136,0.000594848,0.000445186,0.000878882,0.00053095,0.000971256,0.001008619,0.000975205,0.001131455,0.001321319,0.000560678,0.000492695,0.001026932,0.000471391,0.000367848,0.000785932
310,0.000861096,0.000480319,0.000894278,0.000625271,0.000651468,0.000517866,0.00095636,0.000642427,0.001163096,0.001478318,0.000514397,0.001112164,0.001337777,0.000660732,0.000506751,0.001091691,0.000448461,0.000406271,0.000831022
311,0.001029219,0.000621195,0.001058448,0.000701448,0.00081085,0.000610544,0.001119137,0.000832448,0.001424846,0.001949804,0.001113724,0.001479617,0.001615477,0.000825336,0.000586515,0.001236107,0.000560369,0.000503651,0.001032278
312,0.001158225,0.00069488,0.00117099,0.000720932,0.000930408,0.000624763,0.00117758,0.000848052,0.001544579,0.00168139,0.001006169,0.00169441,0.001335351,0.00095305,0.000672346,0.001338048,0.000592227,0.000594283,0.001135994
313,0.001366859,0.000829578,0.001304956,0.000843593,0.001057081,0.000665978,0.001347882,0.000919674,0.001757985,0.001894196,0.000980572,0.001731055,0.001260464,0.001075363,0.000785733,0.001471652,0.000752348,0.000765267,0.0012662
314,0.001482866,0.000871527,0.001481121,0.000941362,0.001211182,0.000763617,0.001524002,0.001016354,0.001836061,0.001612523,0.001175299,0.002010744,0.001460189,0.001223129,0.000890564,0.001614648,0.000884866,0.000858136,0.001464189
315,0.001760242,0.000997621,0.001787747,0.00112185,0.001442044,0.000825966,0.001849088,0.001153737,0.002165938,0.002795447,0.001211767,0.002323502,0.001844287,0.001456775,0.00099301,0.001929242,0.001001351,0.000991928,0.001765201
316,0.001969749,0.001146896,0.002023749,0.001330945,0.001614657,0.00093466,0.002093126,0.001346611,0.002469224,0.002909144,0.001856383,0.002464224,0.001757564,0.001582893,0.001148948,0.002149893,0.001182467,0.001133709,0.001978936
317,0.002318112,0.001354762,0.002430145,0.00163015,0.001974667,0.00117426,0.002582965,0.001618705,0.002925429,0.003264474,0.002274481,0.002878748,0.002662753,0.00191817,0.00136853,0.002575823,0.001445634,0.00134753,0.002424842
318,0.002722535,0.001623387,0.002876125,0.001919592,0.002332946,0.001343443,0.003075888,0.001901592,0.003544392,0.003676986,0.002583785,0.003633648,0.002857984,0.002179505,0.001575004,0.002951507,0.001658269,0.001650769,0.002762035
319,0.003338121,0.00196331,0.003534774,0.002338542,0.00284339,0.001620695,0.003673198,0.002307234,0.004371622,0.003604884,0.002524271,0.00380547,0.002985313,0.002642736,0.001948464,0.003570044,0.002075004,0.002082619,0.003306775
320,0.004078761,0.002344315,0.004278728,0.002833024,0.003472715,0.001992929,0.004428002,0.002788379,0.005263823,0.005060336,0.002692043,0.005064302,0.003689684,0.003271295,0.002311397,0.004243004,0.002531203,0.002541218,0.003958876
321,0.004870047,0.002853262,0.00516724,0.003400011,0.004174602,0.002406068,0.005223341,0.003355194,0.006384387,0.005467447,0.003841786,0.005370585,0.003568011,0.003894659,0.00279133,0.005038398,0.003005068,0.003080183,0.004654692
322,0.005152933,0.003007604,0.005485499,0.003565571,0.004375257,0.002564455,0.005441211,0.003519012,0.006659165,0.005355992,0.004170713,0.006595209,0.004536883,0.004156843,0.003003872,0.005311933,0.003188869,0.003206581,0.004849089
323,0.006304528,0.003729597,0.006757458,0.004344986,0.005382944,0.003217514,0.006718222,0.00434475,0.008236805,0.006930618,0.004702579,0.007892607,0.005131886,0.005103139,0.003720305,0.006552847,0.003915597,0.003924097,0.005986528
324,0.006999647,0.004178918,0.007475477,0.004807357,0.005949769,0.003574104,0.007460081,0.004864384,0.009172281,0.00793964,0.0049333,0.008424987,0.005803504,0.005656732,0.004158352,0.007384959,0.004350378,0.004346373,0.006727546
325,0.008341787,0.004958132,0.008994864,0.0057182,0.007106981,0.004233454,0.008963345,0.005823106,0.01093534,0.008708623,0.005616545,0.009974762,0.006232564,0.006805933,0.004967484,0.008847577,0.005197762,0.005212299,0.008086899
326,0.009334516,0.005608423,0.010123029,0.006484094,0.008023332,0.004787015,0.010104647,0.006522883,0.012311213,0.010521206,0.006571712,0.01062549,0.007613776,0.007619356,0.005591015,0.009993042,0.005814291,0.00585462,0.009196425
327,0.010300266,0.006176709,0.011106968,0.007140167,0.008830971,0.005268078,0.011048252,0.007145656,0.013445269,0.011306271,0.00749133,0.011729107,0.00798297,0.008362971,0.006159276,0.010947014,0.006358386,0.006462088,0.010078305
328,0.011770328,0.006987491,0.01276171,0.008149499,0.010109725,0.006027165,0.012597252,0.008115417,0.015327806,0.012205735,0.007632212,0.013516944,0.008712489,0.009541453,0.007041036,0.012475682,0.007232008,0.007384522,0.011451595
329,0.013471995,0.007939193,0.014513261,0.009312134,0.011521032,0.006882071,0.014345791,0.009213541,0.017452938,0.014041435,0.008590865,0.015603526,0.009798376,0.010817173,0.008025703,0.014218219,0.008244337,0.008324377,0.012977686
330,0.013487339,0.007892219,0.014513732,0.009224737,0.01144769,0.00684355,0.014286572,0.009202467,0.017349909,0.014157085,0.009207039,0.015804007,0.009909231,0.010751618,0.007954835,0.014158224,0.008212431,0.008340234,0.012907271
331,0.01410266,0.008257859,0.015257246,0.009643031,0.011947182,0.007135376,0.014945553,0.009647854,0.018142724,0.014684713,0.00902523,0.015962391,0.010835892,0.011210279,0.008305596,0.014819885,0.008657284,0.008750225,0.013526972
332,0.014180316,0.008305895,0.015269634,0.009668318,0.011937844,0.007090948,0.014941528,0.009617528,0.018165634,0.015463922,0.009340891,0.015675026,0.010161684,0.011200896,0.008317686,0.014865108,0.00867137,0.008765579,0.013569737
333,0.014309709,0.008461653,0.015508098,0.009815244,0.012065355,0.007225917,0.015069188,0.009731757,0.018314411,0.014995903,0.010040681,0.01671826,0.010811549,0.011355571,0.008418494,0.015064154,0.008768924,0.008961452,0.013784793
334,0.014601808,0.008641394,0.01586772,0.01007999,0.012391836,0.00736974,0.015389423,0.009875289,0.018646105,0.015793844,0.010196446,0.016985075,0.010881589,0.011628105,0.008678932,0.015461672,0.00898851,0.009212202,0.014137749
335,0.014543276,0.008618189,0.015806279,0.010074189,0.01236822,0.007337152,0.015335293,0.009774086,0.018601234,0.015734141,0.009814783,0.016922405,0.010475673,0.011591245,0.008649124,0.01541821,0.008910083,0.009230179,0.014126289
336,0.014851712,0.008845591,0.016208662,0.010370826,0.01266521,0.007540616,0.015701018,0.009970377,0.018986616,0.015248746,0.010708767,0.016932835,0.010678243,0.011878854,0.008845854,0.015774709,0.009091879,0.009518399,0.014499089
337,0.014876851,0.008807533,0.016210006,0.010385862,0.012693946,0.007468593,0.015686056,0.009978568,0.018957773,0.015874388,0.010616602,0.017434207,0.011293579,0.011837385,0.008847876,0.015769385,0.009072996,0.009526081,0.014511872
338,0.014553619,0.008577544,0.015756891,0.010097484,0.012343879,0.007232082,0.015252293,0.009700804,0.018471423,0.015744692,0.010022298,0.016372029,0.010599433,0.011493749,0.008591012,0.01528942,0.008792209,0.009237547,0.014089755
339,0.014898015,0.008726977,0.016107619,0.010333344,0.012679718,0.007372596,0.015607466,0.009962611,0.018900519,0.015795976,0.010012823,0.017229771,0.010940011,0.011762,0.008774359,0.015687199,0.008989756,0.009424336,0.014421993
340,0.015640786,0.009146926,0.016898004,0.010801548,0.013297895,0.007725512,0.01635419,0.010481916,0.01977407,0.016253602,0.010876806,0.017935964,0.011317579,0.012353807,0.009161165,0.01643233,0.009442295,0.009879221,0.01514459
341,0.015738894,0.009218398,0.017024527,0.010831398,0.013363033,0.007814354,0.01647071,0.010522488,0.019927248,0.016453672,0.010816721,0.018165018,0.011748026,0.012485758,0.009230721,0.0165358,0.009501991,0.009918354,0.015278165
342,0.016124775,0.009479391,0.017480709,0.011071252,0.013676808,0.008027146,0.016916821,0.010796702,0.020469066,0.01674727,0.01105048,0.018430323,0.011892677,0.012823291,0.009448874,0.016991093,0.009739695,0.01014753,0.015685954
343,0.01585944,0.00934296,0.017167076,0.010850598,0.013424877,0.007878719,0.016603355,0.010571598,0.020101636,0.016476629,0.010332311,0.017710417,0.01116761,0.012568634,0.009285719,0.016674513,0.009573319,0.009933638,0.015391955
344,0.015585651,0.009227407,0.016871224,0.010660996,0.013259586,0.007721341,0.016309585,0.010395915,0.019783273,0.016797364,0.010944228,0.017508649,0.011274216,0.012324242,0.009150964,0.016362601,0.009379062,0.009749243,0.015128552
345,0.015274107,0.009041808,0.01656143,0.010453504,0.013010367,0.007533205,0.016002269,0.010197225,0.019435896,0.015679589,0.010786179,0.017892659,0.010962574,0.0120452,0.008936137,0.016068548,0.009173945,0.009594293,0.014763945
346,0.015126319,0.008956746,0.016398696,0.010412384,0.012945928,0.007451188,0.015826667,0.010083544,0.019257015,0.015828845,0.010623601,0.01692667,0.011520632,0.011947536,0.008861362,0.015952094,0.009100797,0.009532942,0.014599312
347,0.015284297,0.009077169,0.016563201,0.010559014,0.013055781,0.007542936,0.015984169,0.010211452,0.019462968,0.015889983,0.010248417,0.017294465,0.011470194,0.012096795,0.008950233,0.016122544,0.009193078,0.009655311,0.014782904
348,0.015481145,0.009197703,0.016831355,0.01073545,0.013193428,0.007682594,0.016255972,0.010355551,0.019777602,0.016090768,0.010610783,0.017467983,0.011050159,0.012274384,0.009090529,0.016408972,0.009331479,0.009814493,0.015033167
349,0.016270136,0.009654982,0.017657446,0.011264156,0.013846407,0.008057874,0.017056684,0.01085971,0.020729038,0.017495538,0.010809782,0.018110595,0.011589439,0.012856297,0.009541674,0.017192479,0.009823743,0.010303708,0.015768787
350,0.016492076,0.009763825,0.017888338,0.011350913,0.013987726,0.008136813,0.017279976,0.010983051,0.020979363,0.017721917,0.011256081,0.018946105,0.011977932,0.012967901,0.009658563,0.017382726,0.009933038,0.010447138,0.016031113
351,0.016729731,0.009897179,0.018174761,0.011536526,0.014181612,0.00822572,0.017592044,0.011139466,0.02127482,0.017764325,0.01160309,0.018638256,0.012067256,0.013112212,0.009822209,0.017641186,0.010060694,0.010591265,0.016264044
352,0.017096945,0.010075262,0.018543879,0.011785103,0.014461244,0.008337982,0.017944103,0.011331411,0.021665402,0.018238884,0.01200418,0.019914757,0.012520805,0.013380262,0.010009411,0.018003318,0.010249047,0.010788411,0.016560664
353,0.01749775,0.010325468,0.018959654,0.012093654,0.014848408,0.008583199,0.018353756,0.011603073,0.022241912,0.018647705,0.012061186,0.019438847,0.012935527,0.013763684,0.010250282,0.018488541,0.010480402,0.011040378,0.017008966
354,0.017941517,0.010536488,0.019366017,0.012399345,0.015151745,0.008825116,0.018753517,0.011899887,0.022811046,0.018800348,0.012527867,0.020253337,0.012747332,0.014089617,0.010453216,0.018905831,0.010703745,0.011301831,0.017360574
355,0.01831366,0.01074959,0.019774322,0.012644463,0.015443998,0.009055041,0.019142322,0.012145266,0.023292053,0.018879933,0.012595552,0.020669808,0.013497352,0.014441602,0.010664168,0.019297223,0.01093535,0.011564266,0.017705238
356,0.018092758,0.010586162,0.0195465,0.012477421,0.015304293,0.008983621,0.018897503,0.011986445,0.023082041,0.018854614,0.012470115,0.02093743,0.013026969,0.01428311,0.010546776,0.019072065,0.010838445,0.01144129,0.017509348
357,0.017296303,0.010108784,0.018686038,0.011940121,0.014604878,0.008563905,0.01806306,0.011429927,0.022032219,0.018242229,0.012074477,0.019259758,0.012378923,0.013623971,0.010104519,0.018181253,0.010351419,0.01095537,0.016723281
358,0.016516242,0.009707713,0.017917304,0.011430868,0.014061116,0.008173578,0.017345179,0.010910905,0.021037651,0.017746566,0.011710842,0.01907565,0.012359486,0.013047037,0.00968773,0.017414308,0.009918759,0.010500825,0.016055146
359,0.016326286,0.009629021,0.017720806,0.01130023,0.013998598,0.008061486,0.017188688,0.010796674,0.020879313,0.017052811,0.010800074,0.018675223,0.011826234,0.012945813,0.009590049,0.01722248,0.009827903,0.01039223,0.015895077
360,0.016697915,0.009875858,0.018095066,0.011538126,0.014293845,0.008215918,0.017523997,0.011074706,0.021298915,0.017931873,0.011691658,0.019056967,0.011868889,0.013224836,0.009793823,0.017572135,0.010008823,0.010580057,0.016188113
361,0.017096879,0.010078279,0.018513199,0.011759579,0.014625561,0.008387184,0.017971105,0.011369259,0.021790669,0.017638816,0.011419825,0.019283463,0.012094771,0.013531598,0.009986563,0.018006181,0.01024175,0.01080375,0.01653288
362,0.017777978,0.010440775,0.019187079,0.012197461,0.015096011,0.008717405,0.018609438,0.011821225,0.022613214,0.018533537,0.012019118,0.02047082,0.01324141,0.014022528,0.010327955,0.018637877,0.010608551,0.011195214,0.01707927
363,0.018435081,0.010812293,0.019836575,0.012638181,0.015614249,0.009023507,0.019253676,0.012264484,0.023406261,0.018903783,0.012704954,0.020633307,0.013290945,0.014498664,0.010698372,0.019330103,0.010967035,0.011573484,0.017737519
364,0.019089298,0.01124862,0.020538192,0.013059644,0.016191433,0.009350673,0.019993059,0.012689251,0.024317159,0.020271084,0.013161755,0.021948956,0.014120837,0.0150433,0.011086358,0.020066401,0.011358646,0.012021329,0.018411482
365,0.020133007,0.011894458,0.0216578,0.013789512,0.017072044,0.009882042,0.021075115,0.013377735,0.025648862,0.021335667,0.013447908,0.022190956,0.014365302,0.015843928,0.011711727,0.021136684,0.012017189,0.012694027,0.019454322
366,0.020773031,0.012299973,0.022422817,0.014298262,0.017695521,0.010231912,0.021804381,0.013834728,0.026509266,0.022088491,0.013500802,0.023171273,0.015384227,0.016388483,0.012168881,0.021891663,0.012396102,0.013138041,0.020111993
367,0.02157322,0.012771204,0.023355408,0.014859314,0.01834805,0.010673059,0.022673083,0.014410802,0.027552458,0.022904684,0.014375071,0.024822516,0.015456501,0.017003707,0.012664794,0.02274563,0.012913332,0.01370105,0.020850075
368,0.022384301,0.013158618,0.024189473,0.015449138,0.018934896,0.011070415,0.023453046,0.014925234,0.028512183,0.023031987,0.015163192,0.025373263,0.01615812,0.017587931,0.013122569,0.023499746,0.013391459,0.0141796,0.021597543
369,0.022898369,0.013455832,0.02473741,0.01577804,0.019316282,0.011309873,0.023998658,0.015271618,0.029126202,0.023956337,0.015308141,0.026232158,0.016993601,0.017956161,0.013411242,0.024011698,0.013637242,0.014517785,0.022034913
370,0.022673978,0.013347593,0.02449112,0.015628549,0.019128604,0.011172495,0.023784669,0.015092011,0.028865648,0.023727458,0.015069236,0.025280943,0.01664112,0.017826801,0.013246571,0.023757516,0.013514495,0.014381604,0.021850284
371,0.022757418,0.013364917,0.024519881,0.015690842,0.01917635,0.011173917,0.023866714,0.01508391,0.028941192,0.023412567,0.015685792,0.025210278,0.016604659,0.017900592,0.013245455,0.023757979,0.013496645,0.014397835,0.021903176
372,0.022280566,0.013125435,0.024069261,0.015402391,0.018865935,0.010972131,0.023422087,0.014797935,0.028369131,0.023326177,0.015382843,0.025550646,0.016410439,0.017568783,0.01298437,0.023310935,0.013209261,0.014100826,0.021460283
373,0.021199428,0.012494523,0.022950874,0.014703513,0.018016733,0.010456749,0.022282777,0.014108416,0.027053794,0.021823416,0.014276178,0.023609891,0.015697583,0.016796346,0.012396797,0.022219487,0.01261498,0.013408018,0.020445691
374,0.020414206,0.012012686,0.022077718,0.01415681,0.017326999,0.010074585,0.021412311,0.013555792,0.026050376,0.02152249,0.013931746,0.023119273,0.015339946,0.016147653,0.011984443,0.021352431,0.01211789,0.012874261,0.019679268
375,0.01991998,0.011794133,0.021591114,0.013861964,0.016980452,0.009845472,0.020889827,0.013277811,0.025536622,0.02091838,0.013599076,0.022222936,0.014239203,0.015786811,0.011713811,0.020959062,0.011870964,0.012548114,0.01923698
376,0.020447601,0.012122239,0.022185449,0.014241996,0.017482935,0.010120134,0.021487207,0.013650118,0.026304388,0.021756553,0.013842193,0.022729158,0.014726836,0.016236042,0.012052588,0.021651146,0.012221739,0.012982542,0.019773753
377,0.021793377,0.012922881,0.02355965,0.015173242,0.018581751,0.010785733,0.022896614,0.014504021,0.02803352,0.022629245,0.014928259,0.024230843,0.016276707,0.017286398,0.012826873,0.023045562,0.013009748,0.013851234,0.021071775
378,0.023002068,0.013716601,0.024859393,0.016048652,0.019645545,0.011395633,0.024241278,0.015383156,0.029660693,0.023962109,0.015982822,0.026056581,0.016869625,0.018293933,0.013555149,0.02438752,0.013805811,0.014689041,0.022299163
379,0.023834913,0.014184065,0.025757608,0.016637306,0.020337442,0.011811072,0.025111316,0.015972499,0.030645676,0.024511611,0.015950706,0.02657276,0.017270052,0.018947858,0.014076574,0.025189987,0.014315797,0.015245791,0.023142503
380,0.024195628,0.014397577,0.026110576,0.016842418,0.020599629,0.011957524,0.025460681,0.016166471,0.031022784,0.025479541,0.016417445,0.027432787,0.017579267,0.019182682,0.014285894,0.025416151,0.014485997,0.01540926,0.023427837
381,0.022900459,0.013633428,0.024745168,0.015962382,0.019533858,0.0113324,0.024135774,0.015330536,0.029398777,0.023458469,0.015289296,0.025840071,0.01718163,0.018177705,0.013562681,0.024056907,0.013725275,0.014597349,0.022175326
382,0.021343603,0.012650989,0.023029435,0.014836852,0.018158396,0.010559164,0.022442657,0.014248333,0.027340674,0.022370475,0.01409524,0.023890024,0.01533359,0.016838487,0.012607195,0.022372229,0.012740821,0.013524745,0.020600458
383,0.019920576,0.011783225,0.021521623,0.013843805,0.016919726,0.009883766,0.020930354,0.013232489,0.025535836,0.021218987,0.013838243,0.022252056,0.014620681,0.01566873,0.011773786,0.020917576,0.011866711,0.012586513,0.019189722
384,0.019028666,0.011263676,0.02055268,0.013267268,0.016204124,0.009525719,0.02005371,0.012669689,0.024487623,0.01960924,0.013091748,0.021563733,0.013632613,0.015027904,0.011224532,0.020026716,0.01136699,0.012050733,0.018374967
385,0.01907397,0.0113225,0.020600663,0.013278633,0.016244235,0.009566202,0.020128401,0.012696109,0.024544615,0.02035545,0.013022107,0.021412676,0.013844205,0.015044801,0.011208069,0.020099886,0.011399286,0.012080497,0.0184181
386,0.01967256,0.011702773,0.021316507,0.013709933,0.016774827,0.009857192,0.020778537,0.013109658,0.025323927,0.020766011,0.012881178,0.022542837,0.014484132,0.015568583,0.011568231,0.020736179,0.0117622,0.012530567,0.019034079
387,0.020596146,0.01230913,0.022298294,0.014350951,0.017581885,0.010303353,0.021812061,0.013726856,0.026569838,0.021108069,0.013835207,0.02284426,0.01553797,0.016324749,0.012146309,0.021736473,0.012332667,0.013171771,0.019908948
388,0.021352437,0.012765071,0.023093533,0.014854346,0.018201358,0.010626629,0.022592393,0.014228206,0.027532668,0.022579486,0.014507374,0.024255403,0.015851433,0.016915134,0.012612306,0.022519544,0.012789764,0.013634681,0.020641784
389,0.022483254,0.013427182,0.024298207,0.015644845,0.019128021,0.011179024,0.023800057,0.014969818,0.028994308,0.023332919,0.015112115,0.025584171,0.016857742,0.017850153,0.013276182,0.023665487,0.013458257,0.014325603,0.02176218
390,0.023595555,0.014085237,0.02547618,0.016461964,0.020145159,0.011775062,0.024999508,0.015723028,0.030485371,0.024167466,0.015395193,0.026485703,0.017791203,0.018745589,0.013919122,0.024810503,0.014161402,0.014995288,0.022830835
391,0.024646389,0.01472196,0.026548518,0.017147817,0.021038064,0.012291207,0.02611609,0.016405584,0.031857375,0.025439317,0.016273464,0.027879489,0.018390774,0.019586973,0.014515012,0.025812518,0.014789363,0.015660259,0.023822102
392,0.023972198,0.014306092,0.025822402,0.016723262,0.020438976,0.011956141,0.025381013,0.01594494,0.03099232,0.024751642,0.016243268,0.02733885,0.017957727,0.018997722,0.014137701,0.025050215,0.014356143,0.015238498,0.023164113
393,0.022742759,0.013557006,0.024511677,0.015880868,0.019446897,0.011344977,0.024037677,0.01515545,0.029384262,0.023497614,0.0151908,0.025601911,0.017098485,0.017964258,0.01346695,0.023786649,0.013603784,0.014500784,0.02197662
394,0.021990506,0.013175862,0.023658368,0.015340388,0.018764529,0.01100199,0.023246819,0.014689108,0.028463203,0.022930316,0.014809251,0.025131535,0.015747195,0.017385492,0.013067014,0.023052411,0.013140852,0.014028677,0.021294236
395,0.021112516,0.012628516,0.022795728,0.014773728,0.018076364,0.010642819,0.022334607,0.01417894,0.027371274,0.022134766,0.013871701,0.023951643,0.015669202,0.016760576,0.01259994,0.022201637,0.012632334,0.013501667,0.02052791
396,0.021074544,0.012632698,0.022759836,0.014712694,0.018075937,0.010667249,0.022329405,0.014147582,0.027272985,0.021596035,0.0141527,0.023515032,0.015306948,0.016734507,0.012580972,0.022203974,0.01265429,0.013483039,0.020458686
397,0.022738136,0.013625109,0.024538531,0.015861375,0.01941671,0.011515904,0.02410686,0.015237375,0.02943201,0.024192899,0.0149129,0.025529302,0.016478603,0.018105991,0.013521872,0.023909418,0.013638177,0.014522451,0.022043373
398,0.024251264,0.01448849,0.026260654,0.01693295,0.020670291,0.012266592,0.025781964,0.016265313,0.031422055,0.025136289,0.016174841,0.027385867,0.017671609,0.019383842,0.014425249,0.025456446,0.014575565,0.01556357,0.02344305
399,0.027081218,0.016179673,0.029238874,0.018911633,0.023057051,0.013638709,0.028799976,0.01815938,0.03500615,0.028122843,0.01788805,0.029923652,0.019489866,0.021641746,0.01607697,0.028417022,0.016284572,0.017341225,0.026094264
400,0.03099972,0.018539697,0.033441927,0.021689194,0.026386085,0.015569658,0.032939013,0.020781667,0.040024906,0.032019715,0.020858431,0.034210765,0.023022978,0.024824285,0.018396035,0.032471705,0.018644884,0.019861207,0.029901686
401,0.033820096,0.020278515,0.036443177,0.023701178,0.028860297,0.017030966,0.03597183,0.02267658,0.04360847,0.034796498,0.023007046,0.038072041,0.024375202,0.027093531,0.020088624,0.035432748,0.020407575,0.021673575,0.032598987
402,0.03571358,0.021398291,0.038398852,0.025067022,0.030490451,0.018022281,0.037917074,0.023972341,0.045927991,0.036727851,0.023402058,0.039966829,0.026568362,0.028552197,0.021225718,0.037405726,0.021531679,0.022845155,0.034437103
403,0.036688642,0.022001862,0.039502376,0.025760301,0.031316248,0.01853559,0.038979945,0.024560074,0.047143937,0.037822415,0.024926293,0.040792424,0.026675507,0.029300529,0.021838309,0.038427596,0.022083249,0.02345715,0.035377505
404,0.03718003,0.022327272,0.040033487,0.0260718,0.031768309,0.018847785,0.039569555,0.024925521,0.04781677,0.038523631,0.024677536,0.041134157,0.027593236,0.029699038,0.022157011,0.03892254,0.022413792,0.023801506,0.035833045
405,0.037394538,0.022450111,0.040262632,0.026208077,0.031936145,0.018933196,0.039786316,0.025047068,0.048087393,0.038542429,0.025020116,0.041767884,0.026832238,0.029876367,0.022311171,0.039137333,0.022468231,0.02394129,0.036060154
406,0.0375381,0.022571081,0.040402243,0.026245428,0.032037427,0.019007265,0.03995012,0.025094162,0.048314854,0.038888862,0.024827543,0.041710288,0.027470336,0.030011549,0.022393081,0.039259243,0.022583284,0.024046611,0.036118632
407,0.037877304,0.022799242,0.040676304,0.026488901,0.03232339,0.019198731,0.040261432,0.025405721,0.048746462,0.039434851,0.025092986,0.041989831,0.027218679,0.030331911,0.022565456,0.039562409,0.022861432,0.024306849,0.036437731
408,0.038335439,0.023075797,0.041190936,0.026854109,0.032708793,0.019431493,0.040715607,0.025737282,0.049420409,0.039802147,0.025931315,0.042714755,0.027991192,0.030734202,0.022862742,0.040089687,0.023137966,0.024638544,0.036912544
409,0.038623025,0.023279051,0.041529683,0.027094014,0.032965276,0.019624723,0.041005171,0.026016892,0.049858791,0.039695485,0.026381632,0.043360276,0.028435895,0.030966848,0.023051479,0.040366177,0.023387807,0.024883953,0.037176574
410,0.039653306,0.023875304,0.042685389,0.027906127,0.033870435,0.020108185,0.042102365,0.026674624,0.0512021,0.040646372,0.026349939,0.043639097,0.02946425,0.031790619,0.023690748,0.041438134,0.023999121,0.025539156,0.038228714
411,0.040468857,0.024357758,0.04360998,0.028478539,0.034636587,0.020528219,0.042974199,0.027206831,0.052360197,0.041978234,0.02668073,0.04518218,0.02974811,0.032433003,0.024174199,0.04227993,0.02450127,0.026059539,0.039007955
412,0.041167787,0.024791951,0.044307389,0.028968486,0.035211954,0.020855152,0.043762025,0.027633129,0.05321269,0.042491143,0.027774878,0.046193537,0.030247856,0.03296614,0.024544728,0.042936136,0.024931687,0.026445958,0.039672872
413,0.04242846,0.025558946,0.045670098,0.029892805,0.036311301,0.021501243,0.045136343,0.028473311,0.054851595,0.043677029,0.028592349,0.047583499,0.031090661,0.034031274,0.025283284,0.044316331,0.025666297,0.027247401,0.040934563
414,0.043394158,0.026211468,0.046696847,0.030524713,0.037222445,0.022069022,0.04620058,0.029221134,0.056094114,0.044662041,0.028685813,0.048230783,0.031335207,0.034899535,0.025890023,0.045394912,0.026304134,0.027927267,0.041893512
415,0.043303021,0.026186401,0.046558415,0.030496953,0.037102021,0.022001815,0.04610127,0.029145801,0.055885815,0.044769082,0.029013989,0.048389583,0.031206892,0.034824794,0.02585687,0.045320429,0.026261559,0.027954891,0.041866808
416,0.043730695,0.026445487,0.047032417,0.030848492,0.037491775,0.022298562,0.046557915,0.029497781,0.056478048,0.045005309,0.029453313,0.048673066,0.031965462,0.035171342,0.026170765,0.045834005,0.026479562,0.028287562,0.042286775
417,0.043566546,0.026365403,0.046813083,0.030701067,0.037324067,0.022195277,0.046333579,0.029325251,0.056253983,0.044937877,0.028959037,0.047949345,0.032015089,0.034980008,0.026084638,0.045548848,0.026394243,0.028195134,0.04210747
418,0.043691366,0.026462403,0.046853407,0.030831724,0.037419566,0.022254084,0.046487686,0.029357805,0.056436888,0.045265194,0.029180162,0.047990476,0.032448358,0.035010046,0.026145404,0.045632168,0.026448884,0.028313884,0.042199447
419,0.043240791,0.026213928,0.046354439,0.030499898,0.037059979,0.022026087,0.045981168,0.029083117,0.05585152,0.044805606,0.028932148,0.048081527,0.031609896,0.034630439,0.025894219,0.045103199,0.026123321,0.027972694,0.041709352
420,0.043354374,0.026266297,0.046493144,0.030519201,0.037194618,0.022101565,0.046069197,0.029165847,0.056002412,0.045221461,0.028941278,0.047923007,0.032029585,0.03474889,0.025945512,0.045221345,0.026221106,0.028079685,0.04181724
421,0.043588173,0.026364672,0.046780586,0.030711644,0.037463458,0.0222811,0.046336572,0.029382329,0.056315729,0.044959936,0.029127751,0.048516198,0.031925876,0.034976686,0.026078543,0.045482101,0.026403986,0.028262501,0.042055644
422,0.043629027,0.026385999,0.046982569,0.030737713,0.037491341,0.022301513,0.046363598,0.029410542,0.056387798,0.044901607,0.029614707,0.04822222,0.031752467,0.034966056,0.026136799,0.045551255,0.026466456,0.028249713,0.042089284
423,0.044112486,0.026682981,0.047488488,0.031080999,0.037925471,0.022595994,0.046922471,0.029671974,0.057022,0.045994736,0.029322513,0.048538258,0.031902619,0.035331479,0.026450502,0.046073458,0.026760506,0.028551484,0.042590958
424,0.04418808,0.026770415,0.047568896,0.031172415,0.03797134,0.022587448,0.047022967,0.029718519,0.057118118,0.045671842,0.029589985,0.049220274,0.031995863,0.035423373,0.02654616,0.046160632,0.026807406,0.028617632,0.042695934
425,0.044375447,0.026925314,0.047688753,0.031271855,0.038112021,0.022674969,0.047215365,0.029809333,0.057293136,0.045762956,0.030290386,0.049042528,0.031997292,0.035510773,0.026719008,0.046407404,0.026817664,0.028716065,0.042846212
426,0.044482828,0.027006828,0.047713365,0.031307555,0.03827181,0.022766899,0.047320145,0.029884929,0.057353043,0.046172484,0.030372194,0.049367632,0.032733706,0.035602965,0.026748947,0.046511823,0.026807691,0.028796268,0.043008084
427,0.04452882,0.027110263,0.047778001,0.031393591,0.038326919,0.022804378,0.047351116,0.029948886,0.057482755,0.045719396,0.030409771,0.048833561,0.032121463,0.035685919,0.026780164,0.046555001,0.026846672,0.028931148,0.04309387
428,0.044252274,0.026997609,0.04755459,0.031218295,0.038143981,0.022685969,0.047094094,0.029766722,0.057131816,0.04523732,0.030350607,0.049405682,0.032242661,0.035409341,0.026610408,0.046313521,0.026695676,0.028775105,0.042804421
429,0.043186276,0.026384385,0.046433885,0.030514187,0.037237603,0.022131908,0.045927154,0.029015189,0.055726101,0.045050002,0.029133763,0.047862562,0.031824471,0.034512467,0.025923379,0.045181021,0.026098513,0.028072317,0.041751543
430,0.041791385,0.025497709,0.044983504,0.029568489,0.035987233,0.021426523,0.044362622,0.028028539,0.053941164,0.043427213,0.028233901,0.045983174,0.031159858,0.033395183,0.025098133,0.043715979,0.025303574,0.027190099,0.040427861
431,0.041793639,0.025467179,0.045072605,0.029570021,0.035976954,0.021409314,0.044383527,0.028066875,0.053905077,0.042929512,0.028315989,0.046174057,0.030661422,0.033347561,0.025127527,0.043747358,0.025301853,0.027172539,0.040417718
432,0.043304705,0.026322175,0.046626325,0.030683576,0.037208532,0.022132105,0.045894112,0.02903771,0.055814375,0.0445708,0.029468157,0.047958851,0.032097248,0.034608052,0.026002581,0.045239176,0.026189655,0.028106036,0.041856225
433,0.045559942,0.02767937,0.049071554,0.032246333,0.039150293,0.023284585,0.048340728,0.030578594,0.058820857,0.046971141,0.03107132,0.050652985,0.03329126,0.036447578,0.027384473,0.047578037,0.02754473,0.029579726,0.044024487
434,0.048228762,0.029348337,0.051871894,0.034124138,0.041450151,0.024620194,0.051204783,0.032424764,0.062220612,0.049893337,0.032566934,0.053709332,0.035306621,0.038592792,0.028994362,0.050298215,0.029139092,0.031242092,0.046526935
435,0.05038974,0.030678125,0.054132479,0.035686566,0.043298597,0.025785676,0.053406106,0.033840595,0.065040488,0.051697535,0.033925111,0.056115128,0.036700297,0.040351664,0.030278303,0.052566412,0.030485796,0.032671677,0.04858968
436,0.052816511,0.032246837,0.056677255,0.037390138,0.0454979,0.02711688,0.055976715,0.035522925,0.068219088,0.054072841,0.035852137,0.0586108,0.03883794,0.042223448,0.031768854,0.055077707,0.031957446,0.034266801,0.050907149
437,0.054166209,0.033081259,0.058066626,0.038421841,0.04673152,0.027826648,0.057340267,0.036424132,0.069871237,0.055749533,0.036191529,0.059327958,0.039690278,0.043286598,0.03256558,0.056534393,0.0327879,0.035187774,0.052264131
438,0.054969056,0.03355875,0.058892453,0.039006478,0.047427152,0.028185501,0.058100551,0.036943376,0.070755428,0.056468437,0.037475868,0.060370302,0.039886608,0.043840927,0.032965526,0.057388305,0.033244451,0.035760655,0.053083004
439,0.054765868,0.033433615,0.058658352,0.038853396,0.047213868,0.028019264,0.05779222,0.036799055,0.070368396,0.056761185,0.036902697,0.060131519,0.040430463,0.043657758,0.03278211,0.057066769,0.033045055,0.035590879,0.052855385
440,0.055492418,0.033838275,0.059388256,0.03938604,0.047759161,0.028330546,0.058466886,0.037218839,0.071205711,0.057602266,0.037249169,0.061376022,0.040473761,0.044177363,0.033154989,0.057800095,0.033457601,0.036028597,0.053525612
441,0.057213247,0.034922595,0.061318307,0.040587478,0.04914901,0.029200359,0.0602746,0.038431301,0.073424721,0.058857511,0.038447548,0.062644673,0.041499228,0.045604832,0.034224772,0.059547894,0.034497831,0.037203478,0.055189305
442,0.05856663,0.035778453,0.062892875,0.041599444,0.050375845,0.029957216,0.061773767,0.039366174,0.075342414,0.060237962,0.039690948,0.064350733,0.043131433,0.046730614,0.035224653,0.0610328,0.035361414,0.038128381,0.056422435
443,0.060268055,0.036808843,0.064677656,0.042765895,0.051868708,0.030783926,0.063542324,0.040453895,0.077439537,0.062073416,0.040856982,0.066171209,0.043921213,0.047971905,0.036268419,0.062850946,0.036381558,0.039173512,0.057990874
444,0.061985968,0.037884797,0.066564059,0.043944388,0.05329086,0.031705143,0.065406591,0.041645342,0.079535758,0.063625688,0.042126007,0.06869534,0.045423275,0.049359692,0.037362494,0.064623846,0.037455099,0.040319614,0.05967265
445,0.061952447,0.037884128,0.066506145,0.043978729,0.053325036,0.031724503,0.065342563,0.041584557,0.079424532,0.063991495,0.042019005,0.068336268,0.045358304,0.049257981,0.037314343,0.064587858,0.037415189,0.040214711,0.059648673
446,0.06211959,0.037984638,0.066608957,0.044107651,0.053470069,0.031804802,0.065445248,0.041673246,0.079508287,0.063961981,0.041376218,0.068541136,0.045189804,0.049392728,0.037365675,0.064711412,0.037491789,0.040368842,0.05982187
447,0.06314502,0.03866571,0.067749459,0.044851797,0.054400543,0.032387359,0.0665965,0.042407709,0.080828592,0.065007921,0.042642327,0.069704448,0.046048833,0.050266321,0.038047145,0.065808154,0.038098577,0.041119928,0.060956065
448,0.06368494,0.038895945,0.068366092,0.045299256,0.054884047,0.032667996,0.06703873,0.042659997,0.081463411,0.065058639,0.042939283,0.070733414,0.046705242,0.050697785,0.038369733,0.06639736,0.038364947,0.041509101,0.061443889
449,0.065582373,0.040049788,0.070424231,0.046525198,0.056444466,0.033598471,0.068987979,0.043882824,0.083801713,0.067494021,0.044637622,0.071932716,0.048255702,0.052154984,0.039529198,0.068332683,0.039467572,0.042781982,0.063221604
450,0.067132124,0.041018915,0.072216527,0.047655418,0.057769822,0.034425611,0.070649025,0.044911115,0.085845832,0.069074766,0.045032562,0.074660857,0.048808526,0.053400019,0.040460113,0.070016926,0.040422316,0.043757414,0.064795424
451,0.067888256,0.041481326,0.072974162,0.048221919,0.058379002,0.03485051,0.071344008,0.045350085,0.086769087,0.070246021,0.045821744,0.075033645,0.049486357,0.053921343,0.040853672,0.070793092,0.04091084,0.044237004,0.065477761
452,0.067413037,0.041325282,0.072466611,0.04788267,0.05802092,0.034566409,0.070733478,0.045086946,0.086071324,0.069361297,0.045412077,0.074415943,0.049240323,0.053454856,0.040575681,0.070308638,0.040582537,0.043933409,0.064995494
453,0.067809096,0.041607854,0.072875666,0.048212574,0.058394154,0.03482343,0.071135615,0.045348018,0.086639042,0.069565278,0.04553263,0.07443318,0.049876825,0.053734181,0.040787215,0.07081652,0.040854291,0.044247676,0.065403311
454,0.068140815,0.041814573,0.073112199,0.048378765,0.058591377,0.035005459,0.071395377,0.045558875,0.086930374,0.070003631,0.045710574,0.075374443,0.04964634,0.053925495,0.04097063,0.07109532,0.040959747,0.044422132,0.065625192
455,0.068214161,0.041826845,0.073204804,0.048425377,0.058632244,0.035038829,0.07136545,0.045566704,0.086850773,0.069878444,0.046212741,0.0750689,0.049993885,0.053974191,0.041044575,0.07110532,0.040962145,0.044424256,0.065566666
456,0.068706316,0.042138728,0.073740652,0.048792196,0.05906368,0.03534808,0.071962364,0.045882188,0.0875737,0.070580442,0.046042021,0.075815465,0.05076804,0.05444086,0.041344668,0.0716414,0.0413522,0.04474708,0.06612222
457,0.069818908,0.042779189,0.074896135,0.049672227,0.060041064,0.035911156,0.07298867,0.046545793,0.088826555,0.072215286,0.047180642,0.076694058,0.051365672,0.055244611,0.04202879,0.072750112,0.041944353,0.045373179,0.067165887
458,0.071127703,0.04354751,0.076276341,0.05056633,0.061225302,0.03649102,0.074207601,0.047369091,0.090268571,0.073350257,0.047537669,0.078101867,0.052277656,0.0561328,0.042794141,0.074001681,0.042726161,0.046213401,0.068465521
459,0.07153928,0.043790113,0.076684876,0.050859092,0.061614725,0.036752493,0.074606182,0.047598928,0.090750802,0.073070065,0.048230115,0.078518574,0.051976274,0.056386766,0.043024928,0.074492573,0.042950504,0.046500113,0.068932344
460,0.072237356,0.04416035,0.077442773,0.051331656,0.062214184,0.037103742,0.075296294,0.048010386,0.091496147,0.073882103,0.048685239,0.079991628,0.052658289,0.056772491,0.043389675,0.07526511,0.043347129,0.046946313,0.069624227
461,0.073354948,0.044880125,0.078774107,0.052145709,0.063226681,0.037664744,0.076504071,0.048837651,0.092956683,0.075822047,0.049446949,0.081149589,0.053588623,0.057644472,0.044147615,0.076406545,0.044090925,0.047791127,0.070866013
462,0.074100547,0.045361195,0.079545536,0.052749078,0.063805876,0.038087302,0.077249497,0.049254613,0.093874206,0.076182557,0.049463248,0.081336447,0.05480406,0.058218613,0.044545846,0.077214605,0.044550574,0.048297302,0.071521186
463,0.075268876,0.046143762,0.080934513,0.053596631,0.064842511,0.038644937,0.078450091,0.050086696,0.095434813,0.076874254,0.050719803,0.082753203,0.054968563,0.059117388,0.045307182,0.078422428,0.045261322,0.049039022,0.072747419
464,0.076487648,0.046928702,0.082220429,0.054451633,0.065906982,0.039252266,0.079580966,0.050829176,0.096831897,0.078117401,0.051576235,0.084364837,0.056440666,0.060024101,0.046049721,0.079598788,0.045865988,0.049780623,0.073892231
465,0.077534007,0.047562283,0.083167154,0.055168864,0.066718885,0.039775579,0.080505733,0.051439007,0.097890572,0.079784687,0.052247246,0.085430497,0.056972242,0.060701301,0.046586005,0.08061672,0.046440432,0.050340437,0.074701575
466,0.077547797,0.047549352,0.083309681,0.055183379,0.066732566,0.039770885,0.08049333,0.05141372,0.097889709,0.079998753,0.052334151,0.085675875,0.057087047,0.060625434,0.04662733,0.080648341,0.046457187,0.050327599,0.074755582
467,0.078324528,0.047930426,0.084008776,0.055680884,0.067345332,0.0401667,0.081159029,0.051869524,0.098661723,0.080491018,0.052837262,0.086188951,0.057294501,0.061133583,0.047045774,0.08134359,0.046904512,0.050820846,0.075390492
468,0.079238854,0.048388848,0.084934786,0.05628405,0.068031954,0.040614541,0.082045524,0.052426284,0.099669311,0.081723631,0.053125378,0.086933482,0.057709731,0.061696139,0.04759634,0.082294043,0.047464245,0.051397429,0.076194708
469,0.080606641,0.049233315,0.086363019,0.057202618,0.06923617,0.041238585,0.083413405,0.05323092,0.101317959,0.082818773,0.05350859,0.088190279,0.05904667,0.062744188,0.048374526,0.083619968,0.048182955,0.052263323,0.077557221
470,0.08186855,0.050055194,0.087593141,0.0580335,0.070363831,0.041884801,0.084611804,0.053987267,0.102718975,0.084405921,0.055202934,0.089945004,0.05949417,0.063761039,0.049184845,0.084951035,0.048834402,0.053140132,0.07881338
471,0.085381189,0.052303468,0.091352803,0.060518144,0.07342325,0.043630643,0.088314759,0.056202056,0.106837944,0.088088812,0.057248391,0.093479859,0.062428506,0.066406074,0.051290985,0.088636505,0.050812687,0.055439599,0.082176557
472,0.087068602,0.053415321,0.09325309,0.061815633,0.074998708,0.044526168,0.090065892,0.057298935,0.108784063,0.089309974,0.057823103,0.096118151,0.063751945,0.067904541,0.052332242,0.090498348,0.05176526,0.056591277,0.083926545
473,0.089971278,0.055168935,0.096373183,0.063875109,0.077499931,0.046094338,0.092905733,0.059223141,0.112039029,0.092370704,0.060398357,0.098600647,0.066152611,0.070101019,0.054142666,0.093738965,0.053526114,0.058527801,0.086767765
474,0.093831181,0.057541672,0.100462655,0.066643873,0.08075773,0.048078477,0.096733615,0.061801422,0.116493271,0.095907804,0.062743348,0.103371908,0.06807675,0.072956461,0.056344564,0.097668029,0.055718468,0.061022891,0.090434976
475,0.096040018,0.058809951,0.102818498,0.068285365,0.082583909,0.049222522,0.098724374,0.063208611,0.118823573,0.098360819,0.064363112,0.105274868,0.069951073,0.074536251,0.057677552,0.099962734,0.057022006,0.062414815,0.092580959
476,0.099459426,0.060896044,0.106411038,0.070609269,0.085523791,0.050930139,0.101966541,0.065321432,0.122727183,0.102348614,0.066672313,0.109439259,0.072721454,0.077005074,0.059669742,0.10338458,0.059041513,0.064580699,0.095841124
477,0.102783865,0.063011606,0.110153613,0.073084307,0.088466255,0.05262189,0.10545744,0.067442391,0.126611561,0.105639543,0.068823512,0.112556686,0.075545994,0.079635991,0.061724521,0.106987915,0.061077134,0.066787757,0.099150725
478,0.105904804,0.064950618,0.11377069,0.075386072,0.091243876,0.054252319,0.108668907,0.069430742,0.13015469,0.1081229,0.07063089,0.116946104,0.077293793,0.082005371,0.063677556,0.110372917,0.062954763,0.068853814,0.102232567
479,0.109636638,0.06728722,0.117911585,0.078083275,0.09459573,0.056165246,0.112464038,0.071948888,0.134304039,0.112229371,0.072967392,0.120969817,0.08054494,0.085059769,0.065885474,0.114281998,0.065194207,0.071340581,0.105881744
480,0.113596867,0.069694968,0.122149827,0.081046979,0.09801123,0.058277386,0.116451709,0.074713791,0.138502221,0.116768804,0.07644985,0.124692823,0.083367918,0.088096782,0.068285244,0.118260891,0.067498406,0.073970441,0.109694703
481,0.11774117,0.072145729,0.126527636,0.084010943,0.101628756,0.060396622,0.120659195,0.07749162,0.142825944,0.120595994,0.078793196,0.129958189,0.086291162,0.09128125,0.070736929,0.122355062,0.069818904,0.076758036,0.113513096
482,0.122144258,0.074870573,0.130900042,0.087159194,0.105510215,0.062671051,0.12524893,0.080300038,0.147358464,0.125387144,0.082065354,0.134518043,0.089202378,0.094810158,0.073393115,0.126810591,0.072476806,0.079671915,0.117732434
483,0.12594607,0.077245544,0.134876129,0.0899297,0.108862773,0.064675303,0.129158803,0.082828094,0.15143541,0.129064992,0.084701891,0.137873651,0.092128294,0.097744772,0.075735671,0.130943693,0.074757854,0.082256756,0.121501564
484,0.128277546,0.078723188,0.137324528,0.09152942,0.110847042,0.065757589,0.131478886,0.084135504,0.153710131,0.131643097,0.086330253,0.140471018,0.094160008,0.099442881,0.077064429,0.133338334,0.076071042,0.08375515,0.123739608
485,0.127993638,0.078622795,0.136970271,0.091307529,0.11061216,0.065651891,0.130955421,0.083798425,0.153565016,0.130853511,0.085598345,0.140609677,0.09403368,0.099191578,0.076887209,0.133059424,0.075886475,0.08352779,0.123524112
486,0.127436531,0.078254374,0.136421942,0.090972122,0.110042942,0.065298829,0.13002004,0.083401609,0.153142366,0.130485261,0.085567725,0.139850381,0.093491564,0.098605075,0.076551403,0.132332726,0.075480356,0.083105613,0.122931148
487,0.128644578,0.079034353,0.137589344,0.091784041,0.111183861,0.065847914,0.131182822,0.084104937,0.154456541,0.132217469,0.085611142,0.14124113,0.094219722,0.099426383,0.077188217,0.133428584,0.076133494,0.083834453,0.12395524
488,0.129571494,0.079614179,0.138468076,0.092498191,0.11197342,0.066419967,0.132090338,0.084851211,0.155213313,0.132862924,0.086363205,0.141837437,0.094948155,0.100165813,0.07783373,0.134498338,0.076728967,0.08457177,0.124767324
489,0.135036925,0.08303716,0.144187858,0.096502929,0.116792521,0.06922385,0.137777627,0.088571106,0.160498042,0.138137664,0.090602158,0.147371615,0.098532987,0.104323293,0.081141938,0.140229519,0.080011147,0.088237409,0.129897663
490,0.141407432,0.087012938,0.151130732,0.101120006,0.122394795,0.072520486,0.144268726,0.092820355,0.166803658,0.14463558,0.094577628,0.155153347,0.103542406,0.109230036,0.085101554,0.146957726,0.083827475,0.092429047,0.135982402
491,0.144373734,0.088799649,0.154399129,0.10333512,0.124787889,0.074053855,0.147170461,0.094722148,0.169462008,0.147761208,0.097222131,0.158087111,0.106001822,0.111400168,0.086971251,0.149934958,0.085421976,0.094335423,0.138917686
492,0.147123818,0.090680156,0.157536381,0.105355132,0.127291059,0.075452491,0.149860755,0.096445436,0.172083093,0.150266295,0.098099022,0.161287109,0.108462234,0.113584153,0.088598485,0.152815764,0.087152213,0.096077472,0.141700619
493,0.149836967,0.092257137,0.16045925,0.107160037,0.129487224,0.076875754,0.152419987,0.09813502,0.17479503,0.153133706,0.100399528,0.164368435,0.109703238,0.11553698,0.090289957,0.155520007,0.088676516,0.097744636,0.144357967
494,0.151590804,0.093440711,0.162321734,0.108384032,0.131058127,0.077876069,0.154061383,0.099303151,0.176523769,0.15472262,0.101910857,0.166268168,0.110951712,0.116911488,0.091247849,0.157323055,0.089739186,0.099030252,0.14607806
495,0.153277999,0.094554003,0.164189166,0.109682973,0.132715664,0.078758596,0.155659097,0.10034145,0.17811873,0.157043559,0.102777068,0.168272949,0.112876633,0.118134265,0.092316334,0.159217024,0.090886461,0.100173596,0.147751319
496,0.156998581,0.096913359,0.168129139,0.112451329,0.135942611,0.080792914,0.159315876,0.102695245,0.182104289,0.160538553,0.104837026,0.171891722,0.115200355,0.120814264,0.094646424,0.163029401,0.093001391,0.102683359,0.151356204
497,0.158236355,0.097825956,0.16949984,0.11340447,0.136958113,0.08134086,0.160406009,0.103396069,0.183335304,0.161701082,0.106085273,0.173789836,0.11637256,0.121726917,0.095365369,0.164202182,0.093734149,0.103514973,0.152584822
498,0.158571775,0.098084569,0.169612662,0.113623612,0.137101617,0.081399553,0.160408367,0.103315247,0.183647725,0.162243211,0.10589745,0.173504915,0.116596084,0.121686762,0.095600818,0.164377458,0.093884063,0.103526911,0.152780213
499,0.157549447,0.097617749,0.168399322,0.113022806,0.136336845,0.081003613,0.159353411,0.102781123,0.182776901,0.161300436,0.105192159,0.172367308,0.115983262,0.120889757,0.095124585,0.163209363,0.093265866,0.103031529,0.151814821
500,0.155077566,0.09615457,0.165651276,0.111321698,0.1342016,0.079666978,0.156610695,0.101108289,0.180390408,0.158279117,0.103693549,0.169364302,0.114148132,0.118959391,0.093601089,0.160639985,0.091821451,0.101366225,0.149442974
501,0.156161376,0.096969787,0.166863826,0.112277056,0.135430006,0.080337709,0.157620143,0.101955188,0.18244388,0.159784604,0.104387276,0.170601102,0.114922597,0.1196917,0.094364036,0.161988748,0.092562793,0.102242428,0.150568266
502,0.154030847,0.095668336,0.164667723,0.110763918,0.133661759,0.079292858,0.155336585,0.100576205,0.180259333,0.157611464,0.103368002,0.168561078,0.113279196,0.118014567,0.09307913,0.159721061,0.09131652,0.100949021,0.148619295
503,0.152964731,0.094922591,0.163561465,0.109944218,0.132730888,0.078716752,0.154041896,0.099834488,0.179285708,0.156924026,0.10280385,0.167832694,0.112943102,0.116990278,0.092388799,0.158575997,0.090677434,0.100199853,0.147622263
504,0.154742486,0.096104763,0.165494324,0.11121702,0.13445081,0.079716236,0.155521716,0.100940872,0.181294257,0.158237336,0.104276532,0.16910421,0.114341361,0.118252115,0.093571743,0.16031348,0.091773662,0.101447581,0.149270006
505,0.158420046,0.098257372,0.169303174,0.113879523,0.137511744,0.081746537,0.158872442,0.103257045,0.184906823,0.162288447,0.106003319,0.172989237,0.116257113,0.121136551,0.095790437,0.163997792,0.093860373,0.103826783,0.152650407
506,0.160104223,0.099334079,0.171057208,0.115173909,0.138997842,0.082856276,0.160300871,0.104315916,0.186349689,0.163406308,0.107567237,0.175078353,0.118077388,0.122328739,0.096828792,0.165642127,0.094811505,0.10496788,0.154160246
507,0.163298937,0.101373331,0.174308566,0.117278132,0.141589267,0.084607981,0.163161195,0.106270774,0.189291418,0.166664916,0.10950072,0.178594737,0.120023695,0.124734351,0.098768314,0.168883198,0.096639445,0.107059529,0.157008849
508,0.167075409,0.103728608,0.178277414,0.119960634,0.144720989,0.086673932,0.166956823,0.108856934,0.192928348,0.170916917,0.112209542,0.182342962,0.122659846,0.127446111,0.10111934,0.172818858,0.098955895,0.109617198,0.160640788
509,0.166828432,0.103861868,0.178014885,0.119903395,0.144496624,0.08651746,0.166691032,0.108806556,0.192242756,0.170265001,0.111869054,0.181875183,0.123301463,0.127119981,0.101124716,0.172521263,0.099035366,0.109577504,0.16062121
510,0.171056174,0.106691764,0.182455442,0.123294887,0.148241452,0.088805418,0.170975757,0.111842192,0.196524859,0.174877298,0.115507394,0.187104551,0.125960785,0.13041966,0.103938436,0.177002292,0.101730719,0.112556268,0.164754828
511,0.174389447,0.1090021,0.186072189,0.126081534,0.151189579,0.090648317,0.174397349,0.114257117,0.199501471,0.178277236,0.1175435,0.190593633,0.128803164,0.132877351,0.106073157,0.18057367,0.103753432,0.114944608,0.167959533
512,0.176918543,0.110712954,0.188869651,0.128256718,0.1535024,0.092080828,0.176623792,0.115962461,0.201945408,0.180756914,0.119398788,0.192947044,0.130921852,0.134826624,0.107790097,0.183178506,0.105365683,0.116763518,0.170380206
513,0.177929499,0.111488726,0.190045984,0.12913675,0.154436278,0.092806161,0.177441223,0.116629468,0.202663198,0.182388089,0.119971422,0.194746904,0.132619485,0.135508799,0.108510983,0.184233328,0.105990633,0.117521002,0.1712508
514,0.179395894,0.112508785,0.191689035,0.130210656,0.15579172,0.093678276,0.178699164,0.117610374,0.204180419,0.183283812,0.121567949,0.196222816,0.133514869,0.136528937,0.109494892,0.185859786,0.106884254,0.118596028,0.172503489
515,0.179836225,0.112779833,0.191916114,0.130513459,0.156206194,0.094111948,0.178649866,0.117876115,0.204598241,0.18373295,0.121411983,0.196654436,0.133623728,0.136653508,0.110055063,0.186060654,0.10733595,0.118835277,0.172887114
516,0.176509385,0.110612501,0.188251754,0.127930827,0.153291481,0.092514751,0.1750509,0.11540287,0.201330708,0.180439573,0.119568771,0.192116789,0.131289443,0.133959179,0.108054256,0.182399451,0.105292986,0.11663605,0.169564797
517,0.175665242,0.110182221,0.18706044,0.127337327,0.152585612,0.092127211,0.173870579,0.114692211,0.200842519,0.179578547,0.119119041,0.191601649,0.130284073,0.133238537,0.107697516,0.181255494,0.104800811,0.116195138,0.168603012
518,0.174257912,0.109517454,0.185449862,0.12638746,0.151257637,0.091523405,0.172097811,0.113713899,0.199781408,0.17814307,0.118433229,0.189458859,0.129215209,0.132062686,0.107069568,0.179526143,0.104008791,0.115424735,0.167406468
519,0.175540912,0.110763488,0.186883212,0.127549922,0.152561347,0.092407192,0.173437203,0.114742201,0.201313202,0.17995173,0.119056576,0.191020876,0.13090092,0.133093903,0.108107342,0.180881203,0.104846338,0.116526055,0.168772074
520,0.178455873,0.113204963,0.190069342,0.130188183,0.155394497,0.09431068,0.176460639,0.117191479,0.203943355,0.18252499,0.1222655,0.194570729,0.133791947,0.135522136,0.110338869,0.184020138,0.107049369,0.118887745,0.171824264
521,0.18276526,0.116137921,0.194398689,0.133492174,0.159133152,0.096765688,0.180376292,0.12007699,0.20762764,0.186720565,0.124746303,0.199086663,0.136762017,0.138728385,0.113003004,0.188257254,0.109675686,0.121810101,0.175867865
522,0.187771205,0.119504287,0.199633457,0.137242973,0.163667386,0.099702563,0.185016034,0.123444634,0.212371091,0.191626629,0.1287681,0.204526126,0.140587833,0.142414303,0.11615543,0.193331685,0.112831813,0.125262843,0.180649901
523,0.1899621,0.120959115,0.201684426,0.13918369,0.165693675,0.100989104,0.186788867,0.124804125,0.214163914,0.193961342,0.129485748,0.205918115,0.142867364,0.144105597,0.117526628,0.195525763,0.114292353,0.126848773,0.182738126
524,0.191924636,0.122416591,0.203788169,0.140791171,0.16746608,0.102259565,0.188488433,0.126117755,0.215821023,0.196763129,0.131717839,0.208763932,0.144206994,0.145499118,0.11899744,0.197480174,0.115423209,0.128252783,0.184494929
525,0.19324659,0.123573067,0.205396241,0.142083048,0.169015776,0.103424077,0.189637997,0.127288291,0.217422144,0.198111522,0.132185731,0.210404166,0.145524709,0.146542901,0.120179757,0.19902928,0.116517922,0.129397775,0.185862328
526,0.191452987,0.122669119,0.203547613,0.140989647,0.167542748,0.102737269,0.187652191,0.126206382,0.215846514,0.195682047,0.13169036,0.208118565,0.14470944,0.144995354,0.119293718,0.196952765,0.11563962,0.128519961,0.183997533
527,0.188448379,0.121005714,0.200401139,0.138903968,0.165020588,0.101431807,0.184493984,0.124286869,0.21294832,0.192317346,0.129454662,0.204909161,0.141882048,0.14254151,0.117620161,0.193699834,0.113955386,0.126818296,0.180853802
528,0.186869068,0.119934723,0.198481101,0.137891593,0.163666051,0.100760526,0.182640806,0.123272871,0.211428462,0.191006449,0.128805679,0.202650723,0.141049425,0.141271985,0.116696478,0.19175438,0.113072183,0.12588792,0.179250215
529,0.18904965,0.121388513,0.200606957,0.139665149,0.165324056,0.102002729,0.184391692,0.124611642,0.213481569,0.193430643,0.130490621,0.204819097,0.142758452,0.142722149,0.118097048,0.19353859,0.114386299,0.127441785,0.18130774
530,0.191965808,0.123692856,0.203611333,0.142037483,0.168043772,0.10391755,0.18712806,0.126612228,0.21636496,0.196305124,0.132267234,0.20868356,0.145678233,0.145036483,0.1202655,0.196624401,0.116369465,0.129575719,0.184204926
531,0.193882477,0.125241388,0.205410082,0.143558109,0.169723206,0.105060121,0.188754601,0.12802094,0.218285911,0.198260127,0.134508874,0.209718284,0.146629271,0.146397337,0.121576882,0.198449289,0.117659756,0.130989092,0.186050218
532,0.193870708,0.125427629,0.205077203,0.143422779,0.169515018,0.10518216,0.188114566,0.128034974,0.218537,0.198248122,0.133636938,0.210178747,0.147091234,0.14610569,0.121618673,0.1981753,0.117701849,0.130918567,0.185989965
533,0.192779449,0.124891651,0.204174188,0.142835518,0.168901324,0.104830704,0.186925819,0.12753637,0.217866441,0.197335038,0.134097392,0.208957672,0.146692228,0.145428094,0.121087514,0.197190445,0.11728704,0.130487639,0.184903017
534,0.190911564,0.123642292,0.202287098,0.141479178,0.167318717,0.104043603,0.185118164,0.126388015,0.21621668,0.195729795,0.132238436,0.20663284,0.144608761,0.143894932,0.119998446,0.195305326,0.116261572,0.129253369,0.183176572
535,0.192162481,0.124436935,0.203728119,0.142561901,0.168560399,0.104877198,0.186218357,0.127272289,0.21783981,0.196405731,0.133395271,0.208002681,0.145513139,0.144849685,0.121037991,0.196510901,0.117090467,0.130289481,0.184574926
536,0.192708881,0.125087391,0.204306356,0.143077877,0.169059215,0.105224877,0.186727871,0.127546047,0.218310924,0.197263058,0.133687756,0.209392484,0.146739434,0.145273677,0.12155188,0.197084507,0.117542533,0.130870349,0.184946665
537,0.192884245,0.125426336,0.204396195,0.143330933,0.169314605,0.10542753,0.18686975,0.12775458,0.218534047,0.19714193,0.13464302,0.208984119,0.147197551,0.145368492,0.121893707,0.197326333,0.117679382,0.131120608,0.185205361
538,0.193122057,0.125840446,0.204805998,0.143786115,0.169643528,0.105610333,0.186934587,0.127954149,0.218765597,0.197184498,0.134274802,0.209502118,0.146961838,0.145505898,0.122298732,0.197537599,0.117805701,0.131445885,0.185362816
539,0.191355809,0.124710224,0.202746527,0.142390432,0.168024896,0.104645968,0.18472997,0.126550747,0.216888319,0.195682925,0.133016096,0.207701457,0.146238241,0.143857674,0.121035862,0.195651319,0.116539116,0.130015781,0.183465493
540,0.190402503,0.124029122,0.20200135,0.141874266,0.167564407,0.104260721,0.183761866,0.125959078,0.216399285,0.194510553,0.132221425,0.206241377,0.144811751,0.14300457,0.120594423,0.194768203,0.115945063,0.129530809,0.182786641
541,0.190050932,0.123538008,0.201487109,0.141284042,0.167137329,0.103890892,0.183080669,0.125547647,0.216257769,0.19475195,0.132378651,0.205716851,0.144909723,0.142362303,0.120220504,0.194206642,0.115510089,0.129194756,0.182391427
542,0.189114877,0.122786002,0.200455147,0.140656891,0.166433128,0.103340243,0.182025553,0.124884803,0.215629848,0.193197174,0.131837834,0.20506425,0.143970028,0.14154506,0.119529156,0.193361403,0.114885891,0.128664543,0.181549993
543,0.188493442,0.12243992,0.199688816,0.140271648,0.165954565,0.103097107,0.181338211,0.124426085,0.214951525,0.19236331,0.13144352,0.204182592,0.143177081,0.141021503,0.119167523,0.192671254,0.114597044,0.128277961,0.18098363
544,0.189983802,0.123819207,0.201224896,0.141402993,0.167289095,0.104109675,0.182784831,0.12550253,0.216757968,0.194783478,0.132430502,0.205549394,0.144431053,0.142120031,0.120190326,0.194450123,0.115499371,0.12934363,0.182613451
545,0.191094951,0.124528767,0.202055035,0.142333103,0.168378778,0.104781874,0.183484201,0.12592672,0.217658971,0.19521685,0.132574694,0.206596136,0.145979765,0.142853526,0.120726032,0.195381533,0.115969704,0.129877151,0.183554283
546,0.192568702,0.125504132,0.203421667,0.143258097,0.169373127,0.10555295,0.184560737,0.126610738,0.219153003,0.196920076,0.134338961,0.207990101,0.147023259,0.143699334,0.121599753,0.196613239,0.11670458,0.130724472,0.185017983
547,0.193123178,0.125718155,0.20398987,0.143593701,0.169828566,0.105814416,0.184807036,0.126843278,0.219667801,0.197085641,0.134063598,0.208669668,0.146765575,0.144037162,0.122104585,0.197036505,0.116923716,0.131042743,0.185554982
548,0.193336995,0.125552472,0.204144753,0.143581801,0.169921603,0.105845419,0.184562515,0.126785776,0.219669836,0.198103734,0.134346113,0.209027649,0.147053437,0.143914748,0.122126671,0.196815165,0.117017203,0.131123641,0.185397557
549,0.195760597,0.12725584,0.206829213,0.145408509,0.171920268,0.107159454,0.186779642,0.128384328,0.222529686,0.200675809,0.136363326,0.211165797,0.148516679,0.145629935,0.123733192,0.199175522,0.11861916,0.133003261,0.187603631
550,0.196376156,0.127641571,0.207447707,0.145991768,0.17261136,0.107728433,0.187401528,0.128908275,0.223300742,0.200703679,0.136639687,0.211696661,0.149111603,0.146095704,0.124168047,0.199875226,0.118970891,0.133568321,0.188139441
551,0.195815622,0.127380913,0.206883643,0.145662779,0.171975644,0.107352079,0.186552224,0.128511747,0.22268474,0.199931935,0.136855978,0.211521316,0.149376034,0.145574008,0.12372658,0.19944724,0.118724803,0.133192135,0.187445157
552,0.196271102,0.1279143,0.207524352,0.146190843,0.172383363,0.10759384,0.186928451,0.128780008,0.223412257,0.200996524,0.137126752,0.212174839,0.14961466,0.145988398,0.124071502,0.200054977,0.118938938,0.1334576,0.188099484
553,0.196844152,0.128706615,0.208550239,0.146818366,0.17329701,0.108203786,0.187688615,0.129415288,0.224614239,0.201681035,0.137298096,0.213621244,0.150654733,0.146581688,0.124809673,0.201297259,0.119521473,0.134017742,0.189031493
554,0.19735296,0.129188727,0.209321507,0.14728652,0.17380107,0.108446573,0.188005559,0.129726132,0.224953013,0.20180002,0.137999638,0.214507937,0.15113225,0.146815916,0.125133753,0.20177785,0.119792885,0.134509449,0.189392793
555,0.199580162,0.130747636,0.211686553,0.149018376,0.176114456,0.109790372,0.190121437,0.131230961,0.227451329,0.204371765,0.139270822,0.216420284,0.152298744,0.148390173,0.126713103,0.204174259,0.120990514,0.136245904,0.191677944
556,0.196601299,0.128516978,0.208180594,0.146639313,0.173245668,0.108010663,0.186958447,0.129086639,0.223701253,0.201133325,0.137139439,0.213144206,0.149972099,0.145770505,0.124707089,0.200961124,0.11912471,0.134058273,0.188580643
557,0.197359572,0.128630547,0.208885204,0.14703395,0.17371305,0.108040398,0.187358762,0.129368214,0.224248637,0.201506764,0.138104661,0.214062908,0.150474629,0.146145403,0.124916901,0.201116801,0.119381169,0.134514373,0.189120906
558,0.194640315,0.126949718,0.206026682,0.144790845,0.171362929,0.106478516,0.184679582,0.127545057,0.22129171,0.198833121,0.135587695,0.211147216,0.148086662,0.143987745,0.123284515,0.198501819,0.117844048,0.132536956,0.186617453
559,0.193023634,0.125855118,0.204252329,0.143419957,0.169778787,0.105463991,0.183238278,0.126382974,0.219465931,0.197584107,0.134914373,0.209337376,0.146888356,0.142580126,0.122017626,0.197101499,0.116926931,0.131288601,0.18509277
560,0.190357765,0.124219179,0.201473159,0.14148219,0.167735026,0.104211142,0.180725582,0.124612461,0.216651803,0.194764921,0.13229431,0.206102623,0.145211834,0.140674523,0.120315315,0.194479434,0.115548364,0.129602264,0.182664125
561,0.190111535,0.123902068,0.201087723,0.14128832,0.167401329,0.104230824,0.18040708,0.124447732,0.216612335,0.194413765,0.132065959,0.205609478,0.145014086,0.140382892,0.120035271,0.194242637,0.115351671,0.129378391,0.182411908
562,0.187425867,0.121852816,0.19790049,0.139352541,0.164968323,0.102598537,0.177510884,0.122393609,0.213452446,0.191774385,0.13062607,0.2028585,0.142739592,0.138240582,0.118147643,0.191361106,0.113706993,0.1273785,0.179533163
563,0.189352929,0.122727844,0.199929678,0.140691609,0.166461095,0.103534844,0.179157936,0.123294409,0.215611915,0.193239988,0.131590203,0.204628272,0.144005441,0.139668081,0.119437816,0.193189274,0.114720032,0.128519807,0.181291232
564,0.187849205,0.121621262,0.198658511,0.139535535,0.16500934,0.102443418,0.177847298,0.122187654,0.214084039,0.192406189,0.130864444,0.202731682,0.142626245,0.138408989,0.118518891,0.191745015,0.113558984,0.127416122,0.179967563
565,0.187456589,0.121729053,0.198501378,0.139203583,0.164769158,0.102124722,0.177589297,0.121909285,0.213726468,0.19150572,0.12989281,0.203071405,0.142387654,0.138097489,0.118540969,0.191588236,0.113392254,0.127051774,0.180033065
566,0.185578362,0.120611549,0.196690646,0.137725798,0.163047183,0.101106402,0.175637579,0.12060106,0.211808242,0.189389929,0.129354589,0.200824458,0.140780314,0.136599942,0.117304501,0.189662178,0.112119979,0.125837832,0.178391672
567,0.182746498,0.118852044,0.193611324,0.135563163,0.160484097,0.099479745,0.172742332,0.118742266,0.208419944,0.187301428,0.127380879,0.198183551,0.138774427,0.133862436,0.115276421,0.186711337,0.110219173,0.123902822,0.175347957
568,0.180144921,0.116980322,0.190747166,0.13336598,0.158154469,0.097842099,0.169735377,0.116912886,0.20511028,0.184447819,0.124750969,0.195562109,0.1370333,0.131639677,0.11324327,0.18403536,0.108539528,0.121912715,0.172714826
569,0.178505231,0.115749581,0.189252649,0.132101179,0.156715206,0.096762357,0.168006241,0.115753358,0.203106904,0.183075336,0.124030671,0.193737702,0.135143203,0.130099206,0.111935783,0.182424067,0.107232363,0.120814384,0.171024451
570,0.174614782,0.113043988,0.185352984,0.129283175,0.153344561,0.094424,0.164244634,0.113156478,0.198469277,0.178607078,0.121213977,0.189560044,0.132068839,0.127101526,0.109241212,0.178628734,0.104862096,0.118150958,0.167215127
571,0.173106253,0.111787508,0.183831451,0.127997371,0.15193153,0.093246263,0.162454553,0.111996253,0.196492975,0.177468378,0.119606336,0.18810808,0.131557318,0.125998461,0.108143166,0.177013997,0.103673809,0.116966996,0.165779133
572,0.171410466,0.110714971,0.182314582,0.126833061,0.150415493,0.092156954,0.161046294,0.110836602,0.19462824,0.175138675,0.118951815,0.186560874,0.129469723,0.124934863,0.107188566,0.17560424,0.102454926,0.115933152,0.164413456
573,0.170359662,0.109767582,0.180683557,0.126008452,0.149239008,0.091445429,0.159420155,0.109782653,0.193036011,0.174066856,0.11800937,0.185197228,0.128728621,0.123914906,0.10648233,0.174386884,0.101528451,0.115107225,0.163215691
574,0.170007557,0.109616767,0.180042414,0.125515234,0.148946505,0.091083305,0.158849528,0.109434881,0.192553924,0.173607708,0.117141009,0.184543262,0.128825539,0.123482069,0.106286145,0.174091616,0.1010854,0.114550009,0.163027761
575,0.170148539,0.109667523,0.180040625,0.125469717,0.14893106,0.091004252,0.158743595,0.109165065,0.192453461,0.17445151,0.116935668,0.184441438,0.128079112,0.123332713,0.106433299,0.174022032,0.100995407,0.114446734,0.163084995
576,0.169738031,0.10902388,0.179287609,0.124918853,0.148572956,0.090657702,0.157695283,0.108585037,0.191409018,0.173732791,0.116731072,0.183473361,0.12791723,0.12267559,0.105797747,0.173164853,0.100465429,0.113853992,0.162295026
577,0.167790777,0.107695405,0.177575804,0.123254419,0.146929034,0.089493318,0.155663297,0.107171122,0.189310257,0.171246593,0.115158642,0.18212732,0.126619507,0.12136723,0.104533095,0.171202757,0.099154061,0.112508473,0.160591676
578,0.167723276,0.107609767,0.177749816,0.123104264,0.146712314,0.089189798,0.155182137,0.107023055,0.18907832,0.171177742,0.11523077,0.181504812,0.126466349,0.121174227,0.104178387,0.171127153,0.098856098,0.112481147,0.160510859
579,0.169017889,0.10817892,0.179294915,0.123957725,0.147833382,0.089886538,0.156331746,0.107747618,0.190658596,0.172698247,0.116185163,0.183080814,0.126936879,0.122092973,0.104809151,0.172810537,0.09955852,0.113416827,0.161709982
580,0.16985591,0.108738507,0.180288544,0.124652382,0.148384046,0.090354459,0.157306954,0.108261162,0.191838317,0.173553028,0.117175716,0.184694315,0.12794543,0.122601576,0.105302532,0.173978749,0.099920873,0.1139958,0.162655306
581,0.171272878,0.109450426,0.181713653,0.125603465,0.149679578,0.090999295,0.158637609,0.10911879,0.193037029,0.175498335,0.117684213,0.185747926,0.128315534,0.123598209,0.106272171,0.175497353,0.100758883,0.114886483,0.163850522
582,0.173631999,0.110975833,0.184397245,0.12730108,0.151972035,0.092372877,0.161277047,0.110500845,0.195478489,0.177804639,0.119380467,0.18888519,0.130547102,0.12548209,0.107784617,0.178025495,0.10210535,0.116255359,0.166349216
583,0.177746178,0.113867341,0.189134023,0.130766154,0.155660665,0.094494414,0.165158801,0.113215373,0.200242064,0.182201102,0.122113028,0.193616704,0.133781477,0.128527976,0.110473188,0.182487769,0.104633593,0.11903238,0.17072215
584,0.180879934,0.115676114,0.192516528,0.132669166,0.158289347,0.096083159,0.168166415,0.114997527,0.203548852,0.184697533,0.123500552,0.196866859,0.13602255,0.13074352,0.112081444,0.185551077,0.106329001,0.120980934,0.173555167
585,0.180904407,0.115620643,0.192441916,0.132712019,0.158285982,0.096125352,0.168115169,0.11490257,0.203515977,0.184922495,0.124407261,0.197090755,0.135866259,0.130483152,0.111769559,0.185706577,0.106339194,0.120987511,0.173663322
586,0.179906651,0.114815625,0.191666628,0.132062055,0.157352773,0.095426021,0.166732011,0.114355775,0.202590592,0.183704784,0.123941155,0.19619996,0.135703296,0.129634251,0.111148863,0.184669451,0.105695308,0.120530544,0.172763573
587,0.178965009,0.113966083,0.190305903,0.130953413,0.156264136,0.094422382,0.164913577,0.113454773,0.20098267,0.18264431,0.122509258,0.195012021,0.133872481,0.12849243,0.110184929,0.183621101,0.104783897,0.119714959,0.171818726
588,0.175020498,0.111447944,0.186001288,0.128156568,0.152906498,0.092003749,0.160588323,0.110796628,0.195562697,0.178620908,0.119713168,0.189821313,0.1316197,0.124990948,0.107620214,0.179845193,0.102290384,0.117071733,0.168098563
589,0.168130145,0.107075907,0.178886281,0.123263799,0.146757849,0.088202535,0.153848851,0.106175546,0.187217851,0.172392748,0.115405464,0.183464007,0.125829075,0.119732302,0.103223449,0.172853586,0.09809302,0.112456337,0.161356279
590,0.16489661,0.104950279,0.175269686,0.120846783,0.143851182,0.086488778,0.150320083,0.103836886,0.18266805,0.168894542,0.113122976,0.17887508,0.123363719,0.116995351,0.101187001,0.169556587,0.096054515,0.110218604,0.158347443
591,0.161407419,0.102386186,0.171705214,0.117993871,0.14083883,0.084608227,0.147016357,0.101316213,0.178476714,0.164835568,0.110251341,0.176039318,0.120753748,0.114201522,0.098868974,0.165946145,0.093742974,0.107795433,0.154835954
592,0.163202689,0.103460028,0.173634061,0.119325049,0.142394014,0.085596382,0.148552869,0.102395636,0.180676407,0.166666743,0.112131495,0.177506743,0.12251155,0.115436411,0.100010548,0.167603249,0.094727151,0.108952446,0.156429845
593,0.164959636,0.104492888,0.175098231,0.120537035,0.143851165,0.086458236,0.150171847,0.103237954,0.182621012,0.168958828,0.112722296,0.179600195,0.123547776,0.116480066,0.100943493,0.169269043,0.095610987,0.110119898,0.158094132
594,0.166778898,0.105825382,0.177420185,0.121948623,0.145505541,0.087358347,0.151982577,0.10453626,0.184664028,0.171114476,0.113992724,0.181168589,0.124587595,0.118003926,0.102084283,0.171419577,0.096666961,0.111561494,0.159913975
595,0.165554761,0.105272362,0.176370246,0.12122832,0.144473245,0.086820511,0.150721989,0.103957768,0.183253723,0.169865856,0.113347229,0.180097651,0.124652886,0.117293287,0.101585587,0.17015039,0.096133323,0.110928655,0.159079431
596,0.164676672,0.104774875,0.175681683,0.120513071,0.143719868,0.086324441,0.150240302,0.103556128,0.182440847,0.168970205,0.113692435,0.180195316,0.123823332,0.116656398,0.101093459,0.169450256,0.095718989,0.110482779,0.158654971
597,0.165163903,0.105078531,0.176405024,0.121061796,0.144338215,0.086878884,0.150783094,0.104069963,0.183388118,0.168967182,0.114006029,0.180233124,0.123683032,0.117102294,0.101571922,0.170167224,0.096078271,0.110986303,0.159354178
598,0.166144305,0.105540878,0.176774749,0.121710283,0.145164254,0.087369186,0.151943637,0.104440605,0.184750934,0.169567191,0.114922855,0.180810244,0.124544489,0.117857954,0.102138795,0.170859761,0.096626303,0.111689073,0.159903081
599,0.165026129,0.104846693,0.175481095,0.120912952,0.144540434,0.086854651,0.151283787,0.103718004,0.183841127,0.169326651,0.114172779,0.179490717,0.124131211,0.117104608,0.101302651,0.169649126,0.096201786,0.111051744,0.158674279
600,0.165411239,0.105179415,0.175660125,0.121300011,0.144900784,0.087087551,0.151456812,0.103909131,0.184340045,0.169219463,0.114049257,0.180073327,0.123926012,0.117419847,0.101769869,0.169913011,0.096388898,0.111224761,0.158663216
601,0.165079362,0.105044098,0.17512121,0.121006034,0.144638085,0.086894479,0.151206324,0.103757023,0.183970399,0.16918095,0.113923018,0.178823634,0.123526155,0.117138098,0.101451427,0.169605982,0.096211136,0.111002959,0.158492413
602,0.164124944,0.104671613,0.17446991,0.120338479,0.143950247,0.086478134,0.150288606,0.103162198,0.183030853,0.167707443,0.113655337,0.178559308,0.123445249,0.116270099,0.101109346,0.168829494,0.095708606,0.110446409,0.157576049
603,0.165659482,0.105650669,0.176170964,0.121401815,0.144982766,0.08723824,0.151840249,0.10425434,0.184295385,0.169472672,0.11392339,0.179894383,0.124329851,0.117383053,0.102178146,0.170271098,0.096295527,0.11139548,0.159044434
604,0.16654054,0.106182083,0.177098841,0.121737809,0.145540386,0.087354451,0.152558529,0.104765448,0.185112339,0.170771351,0.114656662,0.181340818,0.124572566,0.117945192,0.102599042,0.171127905,0.096597045,0.112016335,0.159629724
605,0.170474018,0.108739982,0.181523804,0.124831939,0.149027756,0.089416794,0.156138549,0.107399173,0.189492915,0.174283499,0.117091988,0.18585428,0.127928578,0.120677565,0.105109076,0.17506273,0.098993984,0.114599988,0.163655392
606,0.171806062,0.109458395,0.182861915,0.126091843,0.15015083,0.090113704,0.157262721,0.107973601,0.190663474,0.175642183,0.117790015,0.186719154,0.129413679,0.121517039,0.105796808,0.176470087,0.099647808,0.115382368,0.165041824
607,0.1718786,0.109510487,0.18257705,0.126177817,0.150209863,0.0900878,0.156836128,0.107671181,0.190298291,0.175516172,0.117953443,0.186928591,0.129501374,0.121266892,0.105695585,0.176294317,0.09962111,0.115346513,0.165211601
608,0.172993585,0.109996842,0.18356407,0.127012169,0.151078238,0.090580921,0.157512872,0.108047961,0.190859694,0.176553456,0.119113335,0.188235351,0.130352412,0.12194408,0.106065337,0.177242882,0.099929753,0.115895426,0.166140189
609,0.173124215,0.109785468,0.183732597,0.127016048,0.151157208,0.090520346,0.157179554,0.108011583,0.190519608,0.176786699,0.119190868,0.188407249,0.130556369,0.121897649,0.105839575,0.177621777,0.099646041,0.116069478,0.166296148
610,0.174408832,0.110484366,0.185114676,0.127713099,0.152125409,0.090928534,0.157706441,0.108555596,0.191590521,0.178297008,0.119476128,0.18961697,0.130367361,0.12230936,0.106398689,0.178678434,0.100330329,0.116839341,0.167718347
611,0.174438089,0.110291047,0.185494704,0.127596857,0.152527296,0.090885255,0.157715255,0.108621453,0.191592673,0.178626851,0.119697999,0.190004598,0.130548794,0.122156256,0.106487057,0.179298908,0.100488467,0.117056862,0.167742898
612,0.174891279,0.110379886,0.185783265,0.127879354,0.152830417,0.091174492,0.157853797,0.108676481,0.191581189,0.178989104,0.119911371,0.19009893,0.130736942,0.122117164,0.106632899,0.179879975,0.100740291,0.11726605,0.168303594
613,0.177160909,0.111780152,0.188323696,0.129605609,0.155045297,0.092044313,0.159950678,0.109759531,0.193765988,0.181304127,0.121424231,0.19219017,0.132997721,0.123437489,0.107969591,0.182055334,0.102130023,0.118847286,0.170428941
614,0.175883091,0.110775023,0.18684711,0.128555388,0.154039828,0.091301692,0.158354629,0.108730204,0.191892952,0.180300753,0.121130792,0.191184053,0.131726496,0.122340892,0.107130181,0.180927422,0.100945328,0.117775286,0.169000809
615,0.176440007,0.111153154,0.187465232,0.128872817,0.154330338,0.091231563,0.158571622,0.108871669,0.192115888,0.180368807,0.120829625,0.191414536,0.132150273,0.122699362,0.107322083,0.181542202,0.101022137,0.118264338,0.169645451
616,0.175939974,0.110742067,0.187226738,0.128476758,0.154006758,0.09090602,0.157504828,0.108446459,0.19115584,0.179758773,0.120370157,0.191671273,0.131446293,0.122133436,0.106997985,0.1813691,0.10042111,0.117911918,0.169390982
617,0.178483141,0.112375781,0.190109547,0.130207142,0.156423056,0.092303027,0.159678127,0.110154737,0.193906084,0.182552804,0.122250034,0.194011738,0.133611285,0.123831433,0.108503201,0.184225518,0.101693491,0.119656896,0.172157489
618,0.180315697,0.113621162,0.192014323,0.131406003,0.157836403,0.093247042,0.160873455,0.111168002,0.195321283,0.184422011,0.124117648,0.196654609,0.134434123,0.124781001,0.109405936,0.186238683,0.102551921,0.120801616,0.173984536
619,0.181819772,0.11434198,0.193314725,0.132263359,0.158878918,0.094050007,0.161579812,0.111805485,0.196567501,0.185956167,0.124076073,0.19798102,0.135708626,0.125268864,0.110116936,0.187393853,0.103062086,0.121447131,0.175117923
620,0.185956559,0.11701877,0.197443594,0.13511013,0.162103395,0.095956062,0.164925178,0.114075905,0.200549069,0.190575691,0.126747355,0.201592465,0.138612333,0.127866953,0.112346422,0.191443246,0.105289389,0.124066035,0.17896062
621,0.187087617,0.117611733,0.198281593,0.135917635,0.162719541,0.096408774,0.165287782,0.114223797,0.200902676,0.19162937,0.127256093,0.203247224,0.139635987,0.128230826,0.112819775,0.192263606,0.105754888,0.124466758,0.179625661
622,0.190699522,0.119763298,0.202405156,0.1385535,0.165829638,0.098198021,0.16823633,0.116251159,0.204531774,0.195513513,0.129830237,0.207153259,0.14182457,0.130708416,0.115001482,0.196369257,0.107969348,0.126696311,0.183427306
623,0.191974894,0.120647823,0.204261028,0.139874945,0.167079708,0.098742507,0.169274325,0.116780177,0.205534141,0.196014392,0.130610857,0.209346249,0.142972444,0.131693811,0.115843756,0.197663116,0.108545781,0.127461625,0.184984381
624,0.193086676,0.12119071,0.205414482,0.140616539,0.168151136,0.099243119,0.169912812,0.117163238,0.206276943,0.197548409,0.1313475,0.210522772,0.14432887,0.131867773,0.116625676,0.1988518,0.109115045,0.128281863,0.186206783
625,0.191826328,0.120299642,0.204312731,0.1394487,0.166979816,0.098399457,0.168506908,0.116348314,0.204113611,0.196662855,0.130775984,0.209298986,0.142337674,0.130907138,0.115925021,0.197901471,0.108227366,0.127525474,0.185093968
626,0.190004288,0.119156985,0.202536306,0.138097447,0.165547553,0.097488179,0.16655931,0.115194602,0.20156482,0.193904374,0.129169077,0.207587032,0.141859396,0.129226733,0.114918214,0.195905244,0.106976862,0.126538311,0.183459477
627,0.189745467,0.118836817,0.202322339,0.137467432,0.165413158,0.096932768,0.165349499,0.114671957,0.200316284,0.194040376,0.129430506,0.206968786,0.14031678,0.128460243,0.114574029,0.195790919,0.106657029,0.126598536,0.182863983
628,0.188486601,0.11826414,0.201031911,0.136458114,0.164460357,0.096202981,0.163537797,0.113589679,0.198232746,0.192456333,0.128725257,0.205452549,0.139387277,0.127182672,0.113669266,0.194692771,0.105798055,0.125711036,0.181760568
629,0.188364194,0.11843853,0.20101772,0.136506728,0.16459592,0.096114046,0.162873504,0.11314583,0.197669016,0.193031477,0.128831039,0.206038074,0.139336862,0.126507152,0.113342656,0.194523019,0.105445546,0.125422588,0.181445024
630,0.18555295,0.116506883,0.197779444,0.134465639,0.161989531,0.094589161,0.160141351,0.11117502,0.19422608,0.189464009,0.126489832,0.202235033,0.137954951,0.124274756,0.111689953,0.191327585,0.10360198,0.123715522,0.178735482
631,0.189035081,0.118807105,0.201466253,0.137161841,0.165090897,0.096446164,0.163243725,0.113321753,0.198180713,0.193115783,0.128922677,0.206395578,0.140805078,0.126710649,0.113796629,0.195156937,0.105671533,0.126002625,0.182067409
632,0.193579147,0.121581964,0.206401391,0.140273532,0.168907477,0.098421568,0.16700214,0.115965856,0.202863135,0.19775073,0.131719201,0.210929418,0.143879003,0.129706046,0.116463866,0.199907794,0.108220803,0.128940393,0.186464996
633,0.195508672,0.122465626,0.208226832,0.14135452,0.170349307,0.099312414,0.168429991,0.117041362,0.20488825,0.200218846,0.133670565,0.212691369,0.145181611,0.130613732,0.117622731,0.202099353,0.109222151,0.13026526,0.188114464
634,0.199259181,0.125022425,0.212560638,0.144208554,0.173749273,0.101301897,0.171727197,0.119457803,0.209313674,0.204144365,0.136287407,0.217511851,0.147792725,0.133299745,0.119783436,0.206476959,0.111459181,0.132732752,0.191860127
635,0.201927832,0.12652187,0.215216613,0.146234344,0.175863244,0.102561703,0.173869289,0.120711338,0.211591356,0.206966389,0.137312504,0.220520945,0.149359031,0.134874374,0.1213266,0.209067232,0.112739459,0.134522063,0.194488561
636,0.205267661,0.128824782,0.218960397,0.148780131,0.179022624,0.1044501,0.177139179,0.122822322,0.214876726,0.209673014,0.139913268,0.223439605,0.152455733,0.137168974,0.123512742,0.212656139,0.114650311,0.136875753,0.198089697
637,0.206729308,0.129616233,0.220402946,0.150042518,0.180114589,0.104874006,0.178349402,0.123309921,0.215859874,0.211763894,0.141291727,0.225511005,0.153943368,0.13836999,0.124063391,0.214265186,0.115302623,0.137638948,0.199824572
638,0.210809539,0.131861038,0.224557361,0.152483716,0.183320503,0.10681836,0.181511753,0.125574003,0.219486503,0.21512573,0.143161996,0.229248509,0.156233391,0.140796002,0.12636686,0.218324255,0.11738568,0.140256859,0.203516183
639,0.215388333,0.134745269,0.229580921,0.155751342,0.187339811,0.108875395,0.185078591,0.12809321,0.224125237,0.220596099,0.146426509,0.23427254,0.159266369,0.143712408,0.128877012,0.223160354,0.119647711,0.143261283,0.207842186
640,0.217106664,0.135499394,0.231245325,0.156817971,0.188915176,0.109612503,0.186177705,0.129000531,0.225853857,0.221948797,0.14779237,0.236770231,0.16095433,0.144623621,0.129723576,0.225055619,0.12043308,0.144306245,0.209162722
641,0.215013683,0.134169452,0.229446445,0.155117495,0.187547273,0.108684964,0.184200769,0.127853258,0.223663107,0.220213957,0.14646754,0.234935374,0.159119845,0.142913473,0.128618749,0.223184072,0.119247237,0.142909352,0.206986718
642,0.215605013,0.134247918,0.229905603,0.155276146,0.188087859,0.108884804,0.18454113,0.127753642,0.223767439,0.220817113,0.146580687,0.234803715,0.159081669,0.142905209,0.128954335,0.22370116,0.119322407,0.143020281,0.207422477
643,0.2159635,0.134508438,0.23021,0.155399938,0.188270188,0.108812,0.184760875,0.128116938,0.223926375,0.22058277,0.146300656,0.2354142,0.159407936,0.14297525,0.129148125,0.223984125,0.119361688,0.143235938,0.208112375
644,0.221110383,0.137476344,0.235798196,0.158861143,0.19232643,0.111010209,0.188664371,0.130481332,0.228643746,0.226332591,0.149677615,0.24131416,0.162638366,0.145889401,0.13189819,0.229415134,0.121813369,0.146350603,0.213290011
645,0.221011369,0.137072146,0.23541447,0.158699463,0.192130988,0.110422276,0.18823616,0.130214598,0.227995341,0.226331596,0.1495513,0.24042276,0.162873452,0.145625877,0.131513754,0.229280315,0.121749614,0.146128726,0.213360315
646,0.21536344,0.133469523,0.229865225,0.154876677,0.187313586,0.107848117,0.182707606,0.126676991,0.221768577,0.220070709,0.145530385,0.23466253,0.158774211,0.141668754,0.127985197,0.224105757,0.118396723,0.142284691,0.208310077
647,0.216294168,0.133605195,0.231066159,0.155597753,0.188245786,0.108241534,0.182623634,0.126857626,0.222125702,0.221120051,0.14603941,0.236387482,0.159209708,0.141841713,0.128233692,0.225676638,0.118567654,0.142979814,0.209504458
648,0.210610811,0.130277994,0.225604481,0.151556905,0.183063709,0.105393253,0.177136804,0.123178367,0.215671918,0.215423027,0.142968384,0.230816571,0.155088044,0.13774907,0.124898171,0.21976233,0.115236114,0.13918469,0.204108298
649,0.209760538,0.129451858,0.225056148,0.151011574,0.182402306,0.104731739,0.175804253,0.122523184,0.214350846,0.214655749,0.142261537,0.230157271,0.154831805,0.136687056,0.124250023,0.218984836,0.114030923,0.138589742,0.203432687
650,0.212669108,0.131206116,0.227842006,0.15322951,0.184528671,0.105753704,0.17819012,0.12387745,0.217008897,0.21742249,0.143892849,0.232598846,0.1567941,0.13843873,0.126079773,0.221664845,0.115610484,0.140679264,0.206335667
651,0.211428768,0.130456088,0.226737175,0.152278954,0.183279094,0.105189067,0.177177032,0.1231156,0.215734054,0.216057343,0.142805353,0.231871919,0.155924533,0.137773438,0.125403037,0.220509102,0.114659282,0.13971113,0.205100495
652,0.2139112,0.131942683,0.228896438,0.153945509,0.185018396,0.106201484,0.178819413,0.124539174,0.217978759,0.218889424,0.144614151,0.233974366,0.157124419,0.139038575,0.126725587,0.222729673,0.115861054,0.140994266,0.20713621
653,0.21652781,0.133653499,0.231827827,0.155578073,0.187125687,0.107497965,0.180637789,0.126086733,0.220550601,0.221758366,0.146484966,0.237264384,0.158889635,0.140630003,0.128262736,0.225544129,0.117290701,0.14263232,0.209291751
654,0.212398082,0.131028289,0.227899369,0.152530032,0.183951066,0.105271252,0.177099329,0.123717074,0.215791641,0.216746043,0.14345531,0.232957356,0.156080633,0.137879585,0.125802618,0.221658263,0.11493831,0.140054226,0.205436728
655,0.204819967,0.126470113,0.219873625,0.147403586,0.17767129,0.101447852,0.171032975,0.119407363,0.208044263,0.209316367,0.13883215,0.225171097,0.151251658,0.132885972,0.121599395,0.214228926,0.111144852,0.135521716,0.198683426
656,0.201036831,0.123958329,0.21551353,0.144433267,0.17449061,0.099593946,0.167760327,0.116788691,0.203642256,0.205257568,0.136418402,0.2199238,0.147821932,0.130132824,0.119181278,0.210263294,0.108999933,0.133253336,0.195100171
657,0.196119898,0.120969043,0.210164426,0.140930468,0.170006863,0.097418037,0.163676256,0.113697693,0.198733269,0.200442296,0.133099856,0.214667714,0.143949077,0.12642448,0.116013114,0.204897001,0.10648224,0.130097898,0.190312111
658,0.199096046,0.122956798,0.213116396,0.143023703,0.17270365,0.099038306,0.16575311,0.11538786,0.201699708,0.203177967,0.134968189,0.217878724,0.146584177,0.128183088,0.11753391,0.20769747,0.107865619,0.132125675,0.193000623
659,0.201147238,0.123895089,0.214784371,0.143915391,0.174417183,0.099826712,0.167039446,0.116441128,0.203726787,0.205670182,0.136016726,0.220080058,0.146993698,0.129728299,0.118661808,0.209594086,0.108759203,0.133251692,0.195103825
660,0.205006255,0.12610102,0.218712339,0.146358581,0.177828035,0.101336841,0.169778778,0.118333786,0.207559519,0.21010638,0.13887177,0.224086586,0.149585752,0.131952657,0.121042015,0.213668183,0.110443617,0.13546252,0.19878079
661,0.208546495,0.127946507,0.222204209,0.148813676,0.181012689,0.102801533,0.172361378,0.120316312,0.211185833,0.213417425,0.140707373,0.227148293,0.15198995,0.13431526,0.123125144,0.21760195,0.112170053,0.137360169,0.202420923
662,0.209362547,0.128058322,0.223475945,0.149663614,0.181574457,0.103115686,0.172635514,0.120513043,0.211456597,0.214349798,0.14064204,0.228045464,0.152756887,0.134316153,0.123544015,0.218626302,0.112631208,0.137590235,0.202698699
663,0.210240165,0.12865625,0.224668429,0.150462274,0.182130898,0.103632475,0.173279615,0.120771411,0.211540556,0.214944968,0.141416242,0.230161798,0.15427152,0.134525274,0.123646863,0.219266528,0.113143535,0.138153179,0.203491805
664,0.207751105,0.127510789,0.222248866,0.148947807,0.180418435,0.102483418,0.171324596,0.119463435,0.208910728,0.212706128,0.139934212,0.227393844,0.152726763,0.133150987,0.121928166,0.216949315,0.111940981,0.136700208,0.201370549
665,0.210373449,0.128947282,0.225383237,0.150992725,0.182808183,0.103795238,0.173248971,0.120853218,0.211143684,0.215180918,0.141752201,0.230390902,0.154712579,0.134577131,0.123607157,0.219705853,0.113185755,0.138580589,0.204221954
666,0.208419905,0.127654592,0.222827145,0.149290069,0.181081594,0.10258878,0.171343891,0.119556853,0.208563424,0.213088303,0.140639558,0.227383687,0.152475871,0.1329412,0.122477681,0.217407881,0.111854695,0.137195645,0.202377901
667,0.209538709,0.12817547,0.224076662,0.14991261,0.182065692,0.10303015,0.171783921,0.120041578,0.209519547,0.214629484,0.141819514,0.229558195,0.153710862,0.133496921,0.123172928,0.218674254,0.112285241,0.138058347,0.203796824
668,0.207627293,0.126801542,0.221753273,0.148014735,0.180008246,0.102044032,0.169899849,0.118573708,0.206599559,0.212679839,0.139518449,0.226388339,0.15107503,0.131652154,0.121873152,0.216452389,0.11124377,0.136684754,0.201807197
669,0.207760709,0.127027623,0.222326717,0.148061673,0.179961739,0.102197224,0.169667116,0.118587974,0.206628228,0.212315924,0.139868515,0.227073251,0.151422907,0.131819905,0.121721195,0.216719931,0.111073391,0.137027956,0.201964405
670,0.210329253,0.129000982,0.225352087,0.15014017,0.182147962,0.103192543,0.171374711,0.119693085,0.208938899,0.215235838,0.142155597,0.230359129,0.153442973,0.133289939,0.12322996,0.219526816,0.112443085,0.138583919,0.204235899
671,0.2086386,0.128001186,0.224181945,0.149160685,0.180389258,0.102240353,0.169771668,0.118470289,0.207267144,0.213611372,0.14026254,0.229465584,0.152843899,0.131979622,0.122125738,0.217712402,0.111633887,0.137414255,0.202540956
672,0.211147371,0.129985261,0.22634423,0.151107455,0.182656389,0.1031105,0.171594349,0.119564756,0.209133956,0.216370319,0.142765756,0.231771114,0.155029604,0.133388885,0.123652354,0.220635269,0.112594756,0.138986035,0.204653548
673,0.210574085,0.129708452,0.225741611,0.150986207,0.182447207,0.103271567,0.170904227,0.11943083,0.208897757,0.214985566,0.142365483,0.231156443,0.155005932,0.133011611,0.123498787,0.22030834,0.112332073,0.138593611,0.2044468
674,0.211382061,0.130009764,0.226395065,0.151584427,0.183594185,0.103888461,0.171844063,0.120014196,0.209799398,0.216209702,0.142588556,0.231122966,0.154816116,0.133301692,0.123817109,0.221250391,0.112381526,0.139400545,0.205248494
675,0.211280279,0.129640095,0.225900028,0.151402281,0.18363175,0.103775133,0.171353211,0.120237554,0.208766156,0.215705885,0.14303511,0.231018029,0.154930327,0.133063692,0.123557952,0.221031687,0.112140878,0.139250108,0.204955749
676,0.210825834,0.129325921,0.225295751,0.150901677,0.183088821,0.103488161,0.171010083,0.119836048,0.20822489,0.215642351,0.141511521,0.230201666,0.15431971,0.132465742,0.123307895,0.220758384,0.111895952,0.138540707,0.204722681
677,0.212956086,0.130509929,0.227236002,0.151976556,0.184494363,0.104143121,0.172330604,0.120675471,0.209681941,0.217715208,0.143435867,0.232780722,0.155416087,0.133509315,0.124517808,0.22288946,0.112601483,0.139839085,0.206690062
678,0.216071171,0.132334905,0.230707233,0.154374914,0.186905103,0.105608169,0.174064435,0.122290016,0.212336715,0.221092595,0.144887448,0.236321378,0.157962413,0.135511918,0.126224224,0.226237875,0.114083419,0.141556322,0.209523566
679,0.216050008,0.132176626,0.230881416,0.154287853,0.186774539,0.105613331,0.173865062,0.121853907,0.211918467,0.221071008,0.144905666,0.235599044,0.15807361,0.135264996,0.126281485,0.226101165,0.114323275,0.141770261,0.209358606
680,0.215356491,0.131943158,0.230853023,0.154441835,0.186658021,0.105635346,0.173449452,0.121683393,0.211288729,0.219963621,0.145079377,0.235670083,0.157930671,0.135026293,0.125923546,0.22562934,0.114140186,0.141842526,0.20911134
681,0.215923643,0.132124233,0.231352079,0.154476928,0.186916114,0.105971141,0.173643152,0.121832739,0.211213525,0.221242116,0.145987558,0.23607912,0.158566467,0.135068234,0.126230633,0.226123676,0.114454035,0.142242704,0.209173162
682,0.21503835,0.13213605,0.231067196,0.154016264,0.186140709,0.106048076,0.173048706,0.121457952,0.21009053,0.220339117,0.1457616,0.23598854,0.158096589,0.134876972,0.125589944,0.225366246,0.11410616,0.142119216,0.208750706
683,0.213874427,0.131526557,0.229866277,0.153212154,0.185121953,0.105681497,0.171755642,0.121062332,0.208493527,0.218951916,0.144507238,0.234763602,0.156876397,0.134215318,0.124948095,0.224370801,0.113462733,0.141379645,0.207841292
684,0.21307347,0.131300811,0.229305083,0.152737122,0.184412818,0.105442803,0.170541265,0.120502228,0.207469235,0.218334939,0.144083164,0.234891185,0.156691864,0.133716652,0.124498069,0.22363278,0.113077477,0.140963887,0.206962781
685,0.211766573,0.130651369,0.228062945,0.152007796,0.183763361,0.104679604,0.169127816,0.120092246,0.20597994,0.216301904,0.143419098,0.233424204,0.155547952,0.132945667,0.124300474,0.222718884,0.112194344,0.140312841,0.205846512
686,0.199921112,0.122873362,0.214720112,0.143310804,0.173601999,0.098558942,0.158197019,0.112870455,0.192938913,0.204319534,0.135464699,0.219814514,0.14637702,0.12473988,0.117364921,0.209761091,0.105708117,0.132318332,0.193921969
687,0.183055472,0.112435572,0.196289517,0.131062029,0.158996594,0.089852803,0.143349625,0.102853738,0.174715999,0.187616581,0.12346513,0.200915308,0.134583269,0.112704781,0.107513347,0.19129939,0.096242548,0.120750128,0.177042819
688,0.163460009,0.100239284,0.174711975,0.116724079,0.141736065,0.079965093,0.126133712,0.09110229,0.154088918,0.16682921,0.110120815,0.178606215,0.119958561,0.099324488,0.095637534,0.170346675,0.085380565,0.107667466,0.157588347
689,0.152603653,0.09353042,0.162372569,0.109244902,0.132331811,0.074626784,0.116840131,0.084714178,0.14257841,0.156555726,0.102901784,0.16642002,0.1120298,0.091496836,0.089119806,0.158358771,0.079773865,0.100393906,0.147172462
690,0.154183969,0.094911016,0.163984458,0.110755126,0.133691529,0.075700707,0.118303734,0.085848557,0.144319342,0.157767648,0.104021975,0.168164148,0.113370229,0.092916225,0.090619735,0.160152456,0.080760598,0.101688211,0.148649419
691,0.162842479,0.101022042,0.173279121,0.117656845,0.141933703,0.080854444,0.125746761,0.091610175,0.153132978,0.166299328,0.110523025,0.177344703,0.120409981,0.099326217,0.096062897,0.169625913,0.086124104,0.107865711,0.157548949
692,0.172611924,0.107303425,0.18393953,0.124667831,0.150321403,0.085881087,0.133751806,0.097352302,0.162612336,0.176764162,0.117373895,0.188018321,0.127861188,0.105940949,0.102060245,0.179534089,0.092028587,0.114386172,0.166922683
693,0.178741074,0.111418238,0.190270586,0.129062257,0.155657668,0.088993434,0.138455492,0.101089005,0.167953375,0.182915895,0.121509673,0.194375997,0.132243502,0.1099942,0.1059213,0.185831957,0.095649276,0.118833013,0.172468822
694,0.185342502,0.115970814,0.197210125,0.134279868,0.161071645,0.092715548,0.143426208,0.105167587,0.174067438,0.189249352,0.126432762,0.201254328,0.137765466,0.114315376,0.110218343,0.192227956,0.099469008,0.123463492,0.178998963
695,0.188761196,0.118761978,0.20153599,0.136794685,0.163995605,0.094940608,0.146551834,0.107282671,0.177341952,0.19353642,0.129084261,0.206266709,0.140330579,0.116236355,0.113211073,0.195874265,0.10196597,0.126259079,0.182534179
696,0.194054474,0.122647603,0.206921271,0.141229679,0.169341449,0.098824871,0.151245595,0.111036263,0.182527715,0.198935564,0.133231692,0.211759697,0.144554273,0.120422389,0.116927402,0.201524091,0.105411584,0.130325189,0.188015113
697,0.201475453,0.127818775,0.214675082,0.147182956,0.176222789,0.103528516,0.157419647,0.115983016,0.189685236,0.205904962,0.138306541,0.219968584,0.150426615,0.125806609,0.122045113,0.208961956,0.110297457,0.13539857,0.19540181
698,0.206415734,0.131607689,0.219679438,0.151181659,0.181113311,0.106824512,0.161651543,0.119713663,0.194028887,0.211144049,0.142609191,0.224873027,0.154705292,0.129550443,0.12587077,0.213982743,0.113636395,0.139420776,0.20028989
699,0.208636015,0.133454015,0.22114722,0.153053401,0.18290258,0.108371093,0.162741165,0.121107022,0.194777807,0.213708736,0.144603873,0.226570165,0.156614469,0.13088838,0.127590702,0.215342571,0.115176513,0.14088615,0.201928447
700,0.206136536,0.132589396,0.21853801,0.151601729,0.18046426,0.107707441,0.160500871,0.120108562,0.191597135,0.210559266,0.143884114,0.22320877,0.155033763,0.128913797,0.12686495,0.212404102,0.114584562,0.140082465,0.199470553