wl,wing,face
190.244,-188.46,15.70528
190.627,-188.46,15.70528
191.01,-188.46,15.70528
191.393,-253.7,1.04992
191.775,90.51,-946.56
192.158,196.15,-37.11168
192.54,-273.53,50.0752
192.923,-1107.14,10.54816
193.305,223.33,3753.6
193.688,-1216.67,27.56992
194.07,1850,375.26752
194.453,15.75,47.3824
194.835,78.42,78.57536
195.218,43.33,-8.12736
195.6,16.67,2.3392
195.982,-74.1,74.83808
196.365,86.84,1142.4
196.747,62.9,61.90176
197.129,7.89,56.47264
197.511,53.8,19.37728
197.893,219.7,-11.8864
198.275,22.34,280.61696
198.657,63.95,22.10272
199.04,16.67,-24.02304
199.422,69.15,64.69248
199.804,850,-101.864
200.185,110.98,191.03104
200.567,200.94,67.20032
200.949,595.45,29.27264
201.331,260.26,-14.94368
201.713,119.57,14.97088
202.095,39.89,685.07008
202.477,60.64,12.648
202.858,64.63,110.06752
203.24,-28.79,15.7488
203.622,-68.18,-89.2976
204.003,-483.33,184.3344
204.385,286.36,25.17088
204.766,1583.33,13.12128
205.148,-7.38,30.83936
205.529,108.62,25.3504
205.911,-131.08,61.76032
206.292,106.52,313.89344
206.674,20.59,98.44768
207.055,1050,59.70944
207.436,-21.93,30.5728
207.818,78,-2513.28
208.199,163.33,58.59424
208.58,10,39.46176
208.962,5.1,-578.15776
209.343,141.23,96.44576
209.724,-153.23,68.7616
210.105,144.55,-6.21248
210.486,83.33,8.81824
210.867,283.33,260.7664
211.248,71.57,-20.1824
211.629,82,2.19232
212.01,578.57,64.53472
212.391,85.56,44.93984
212.772,23.68,-53.38272
213.153,12.26,23.31584
213.534,-9.7,-237.1024
213.914,-135.71,-756.65504
214.295,202.38,3.00288
214.676,13.64,87.68192
215.057,61.76,336.47488
215.437,338.24,-32.0688
215.818,-91.18,-224.536
216.198,102.73,78.86912
216.579,480.43,243.92416
216.96,1035.71,-222.01184
217.34,-6.57,70.62752
217.721,36.67,25.06752
218.101,21.7,-551.34944
218.481,3.33,100.49312
218.862,177.59,-421.37152
219.242,23.74,11.66336
219.622,-8.06,10.97792
220.003,-336.67,78.15648
220.383,152.86,17.83232
220.763,50,16.97824
221.143,73.73,36.21408
221.523,37.1,33.6192
221.904,224.07,20.4816
222.284,50,26.13376
222.664,-146,48.5792
223.044,-45.56,19.79072
223.424,160.45,38.12352
223.804,102.38,-54.95488
224.184,87.21,1538.03488
224.563,200.98,79.46752
224.943,-159.09,38.11808
225.323,144.38,52.0064
225.703,-34.62,12.26176
226.083,-1350,21.7056
226.462,63.21,40.392
226.842,-64.89,73.55424
227.222,173.81,1.8768
227.601,42.77,49.81408
227.981,-164.29,16.1296
228.36,1178.57,9.47648
228.74,-25.94,180.00416
229.119,15.22,-1.8224
229.499,38.15,8.41568
229.878,38.32,-0.44608
230.258,47.95,8.44288
230.637,24.17,31.56288
231.016,16.89,34.25568
231.396,6.13,27.97792
231.775,-13.31,11.30976
232.154,-0.35,26.61792
232.533,20.95,14.31264
232.913,26.35,35.94208
233.292,-1.75,33.65184
233.671,95.21,30.83936
234.05,56.04,-11.0976
234.429,-28.05,25.6768
234.808,18.7,19.35552
235.187,85.03,-0.66912
235.566,-10.65,29.41408
235.945,18.5,37.23136
236.324,58.92,39.58688
236.702,-11.85,40.9632
237.081,46.64,20.93312
237.46,-32.11,11.24992
237.839,39.41,36.24672
238.217,74.52,28.33152
238.596,18.07,34.06528
238.975,21.17,24.68672
239.353,-28.72,23.89248
239.732,-14.08,13.05056
240.11,25.82,58.37664
240.489,21.01,17.36448
240.867,34.34,33.52672
241.246,31.15,29.35968
241.624,13.91,36.6112
242.003,-13.7,27.23264
242.381,2.69,27.23808
242.759,12.03,34.06528
243.137,9.08,31.0624
243.516,15.09,38.02016
243.894,-0.11,42.20352
244.272,5.01,26.04128
244.65,-16.3,36.98656
245.028,40.93,32.99904
245.406,30.17,38.9232
245.784,25.62,50.13504
246.162,16.76,45.14112
246.54,10.98,41.62688
246.918,17.21,39.59776
247.296,25.04,47.39328
247.674,16.91,48.00256
248.052,13.14,44.0368
248.43,20.9,43.8192
248.807,13.82,45.8592
249.185,12.24,43.40576
249.563,18.25,46.8928
249.941,11.37,36.26304
250.318,25.47,40.38112
250.696,21,45.2336
251.073,25.07,52.52864
251.451,19.83,45.13568
251.828,18.62,44.91808
252.206,7.92,59.29056
252.583,20.27,44.64064
252.961,13.71,38.73824
253.338,19.54,48.41056
253.715,5.05,55.44992
254.093,2.54,45.13024
254.47,25.46,46.98528
254.847,54.23,54.65024
255.224,20.65,57.27232
255.602,-4.46,44.52096
255.979,33.96,38.64032
256.356,20.02,59.57344
256.733,-1.73,58.28416
257.11,14.34,59.60064
257.487,6.72,52.09888
257.864,-0.12,49.54752
258.241,11.08,56.06464
258.618,3.18,47.96448
258.995,6.02,55.55328
259.371,13.12,49.14496
259.748,15.73,57.3104
260.125,17.55,54.12256
260.502,14.8,68.8432
260.878,22.54,60.11744
261.255,15.51,52.50688
261.632,17.75,52.2512
262.008,13.13,53.36096
262.385,12.06,54.05184
262.761,22.67,49.2864
263.138,23.03,51.00544
263.514,8.4,51.08704
263.891,20.42,49.73792
264.267,29.84,50.47776
264.643,28.04,63.39232
265.02,0.97,52.86048
265.396,20.84,63.1312
265.772,5.4,47.30624
266.148,-14.11,58.05568
266.525,4.88,52.67552
266.901,9.91,48.74784
267.277,16.97,61.72768
267.653,22.22,50.46144
268.029,11.63,53.19776
268.405,6.95,51.72352
268.781,10.53,44.64064
269.157,21.37,43.47648
269.533,12.75,50.82048
269.909,6.45,48.0352
270.285,6.81,50.16768
270.66,12.7,52.02816
271.036,8.17,52.91488
271.412,15.9,46.01696
271.788,13.15,57.14176
272.163,16.11,48.00256
272.539,9.07,49.6672
272.914,8.24,52.32736
273.29,10.86,52.96384
273.666,9.63,54.48704
274.041,15.18,49.40064
274.417,17.46,63.0224
274.792,15.2,48.34528
275.167,16.12,52.40896
275.543,10.07,60.77024
275.918,21.5,47.87744
276.293,19.35,48.26368
276.669,8.36,58.75744
277.044,8.87,54.95488
277.419,12,54.72096
277.794,16.93,48.20928
278.169,17,46.03328
278.544,15.08,49.24288
278.919,15.19,46.62624
279.294,19.93,53.8832
279.669,16.38,48.31808
280.044,10.13,49.90112
280.419,16.63,48.48672
280.794,12.62,47.92096
281.169,14.39,50.09152
281.544,16.63,51.56032
281.919,7.67,49.73248
282.293,12.72,51.19584
282.668,8.01,49.02528
283.043,11.58,54.62848
283.417,8.99,49.41696
283.792,18.51,54.1008
284.167,12.4,51.98464
284.541,16.52,48.68256
284.916,11.28,53.30656
285.29,9.19,53.38272
285.665,16.43,55.83072
286.039,12.39,55.30848
286.413,7.54,55.7056
286.788,15.73,49.21024
287.162,15,53.21408
287.536,11.27,51.37536
287.91,7.91,53.07808
288.285,9.51,55.74912
288.659,10.09,59.19808
289.033,17.53,56.48896
289.407,16.77,61.76576
289.781,17.57,64.37152
290.155,15.07,65.88928
290.529,14.17,62.61984
290.903,19.45,66.86304
291.277,16.69,67.22752
291.651,17.18,74.43552
292.025,18.56,73.05376
292.398,17.98,72.25952
292.772,14.21,67.11872
293.146,2.22,73.6576
293.52,8.65,75.11552
293.893,10.36,77.69408
294.267,12.3,68.02176
294.641,13.91,75.60512
295.014,12.62,81.90464
295.388,2.01,79.42944
295.761,8.05,78.2272
296.135,11.48,82.80224
296.508,13.81,84.95648
296.881,17.94,82.13312
297.255,15.34,84.728
297.628,15.72,86.98016
298.001,12.48,82.8784
298.375,16.93,85.79968
298.748,15.76,90.3312
299.121,14,86.4416
299.494,14.55,86.07168
299.867,14.85,84.18944
300.24,12.9,90.15168
300.613,16.18,86.44704
300.986,14.93,86.68096
301.359,14.75,84.64096
301.732,18.16,83.91744
302.105,13.02,103.90944
302.478,13.83,92.95872
302.851,10.72,86.94208
303.224,8.44,86.62112
303.596,12.11,92.25152
303.969,11.75,99.13312
304.342,19.57,88.96032
304.714,22.29,89.93408
305.087,13.5,103.6592
305.46,25.39,94.792
305.832,14.51,91.87072
306.205,15.53,99.37792
306.577,17.78,94.3296
306.95,21.34,93.50816
307.322,17.93,92.12096
307.694,17.84,99.1168
308.067,23.51,94.9008
308.439,21.91,93.00768
308.811,16.04,93.4864
309.184,16.76,90.50528
309.556,14.66,101.15136
309.928,14.64,96.51104
310.3,14.14,92.99136
310.672,15.52,91.00032
311.044,14.21,95.23264
311.416,18.35,91.29408
311.788,22.75,91.34304
312.16,19.72,94.3024
312.532,17.11,104.5568
312.904,12.78,93.56256
313.276,20.12,95.94528
313.648,23.37,92.62144
314.019,17.74,94.4112
314.391,17.81,95.78208
314.763,17.38,97.12032
315.134,23.8,98.42048
315.506,16.26,95.35776
315.878,15.42,93.42656
316.249,19.43,94.3568
316.621,23.6,92.752
316.992,13.75,102.136
317.364,15.79,90.29312
317.735,20.04,97.53376
318.106,19.77,100.74336
318.478,17.83,97.19648
318.849,22.6,92.38752
319.22,22.11,97.69696
319.592,26.59,93.01856
319.963,20.03,103.61568
320.334,17.64,91.96864
320.705,17.43,96.55456
321.076,15.1,93.84544
321.447,19.61,88.96032
321.818,17.52,92.06112
322.189,16.87,93.15456
322.56,21.63,94.34592
322.931,20.43,94.94976
323.302,19.48,90.36384
323.673,24.17,90.04288
324.044,19.63,99.4704
324.414,11.39,102.55488
324.785,16.54,97.18016
325.156,21.47,95.34688
325.526,12.33,90.15712
325.897,21.52,85.04352
326.268,13.26,92.3984
326.638,18.9,93.70944
327.009,16.19,95.14016
327.379,14.1,86.8496
327.75,14.22,94.31872
328.12,12.11,93.69312
328.49,10.58,89.23232
328.861,13.24,94.07392
329.231,16.3,95.11296
329.601,15.74,91.73472
329.972,11.17,84.95104
330.342,14.58,88.78624
330.712,19.24,87.29568
331.082,15.14,90.08096
331.452,18.35,91.46816
331.822,9.35,86.7136
332.192,11.98,89.01472
332.562,16.58,91.20704
332.932,13.9,87.21408
333.302,18.73,96.152
333.672,15.05,99.1984
334.042,10.84,90.70112
334.412,14.94,92.98592
334.781,14.54,97.2672
335.151,13.23,96.7504
335.521,13.91,91.936
335.89,17.03,86.32192
336.26,16.26,93.704
336.63,9.22,89.94496
336.999,15.92,86.4144
337.369,11.6,93.42112
337.738,13.18,91.38656
338.108,9.86,88.80256
338.477,9.97,90.66304
338.846,8.29,94.53088
339.216,12,88.34016
339.585,13.37,95.8256
339.954,15.04,88.18784
340.323,14.86,86.69728
340.693,13.94,93.74208
341.062,11.41,89.55328
341.431,12.33,87.98656
341.8,15.21,88.26944
342.169,13.92,89.02016
342.538,13.15,84.99456
342.907,17.77,87.05632
343.276,13.49,93.27968
343.645,11.64,94.93344
344.014,13.01,90.15712
344.382,9.89,93.65504
344.751,11.39,95.81472
345.12,11.85,95.16736
345.489,11.94,90.32032
345.857,7.77,92.92064
346.226,8.82,92.81184
346.594,13.94,88.92224
346.963,10.85,88.2368
347.332,15.95,91.77824
347.7,13.69,91.85984
348.069,13.59,93.68224
348.437,10.64,89.4064
348.805,9.9,90.88064
349.174,9.34,91.5824
349.542,11.33,93.14912
349.91,10.5,95.1456
350.278,15.37,89.2704
350.647,17.04,88.63392
351.015,10.28,89.7328
351.383,11.07,85.39168
351.751,12.11,89.68928
352.119,6.67,89.94496
352.487,11.41,93.80736
352.855,13.05,88.66112
353.223,8.52,93.06752
353.591,10.89,87.37728
353.959,10.88,87.18688
354.327,13.23,92.3168
354.694,9.93,89.77632
355.062,10.98,93.47008
355.43,12.38,92.24064
355.798,12.45,86.50688
356.165,10.74,94.2208
356.533,11.58,97.96352
356.9,9.48,93.27968
357.268,12.15,93.74752
357.635,13.33,96.016
358.003,11.71,93.42656
358.37,13.36,89.33024
358.738,13.21,89.12352
359.105,11.04,89.85792
359.472,15.19,89.99936
359.84,14.61,92.29504
360.207,15.19,91.97952
360.574,9.82,91.27232
360.941,16.13,91.79456
361.308,14.7,91.1472
361.675,14.15,90.66304
362.042,14.57,94.51456
362.409,14.11,92.60512
362.776,14.75,88.98752
363.143,12.77,87.75808
363.51,14.05,86.61568
363.877,15.72,90.26592
364.244,16.04,87.30656
364.611,16.51,84.864
364.978,15.4,95.05856
365.344,12.12,88.47616
365.711,14.13,89.71104
366.078,16.56,90.50528
366.444,15.55,92.45824
366.811,18.66,91.8816
367.177,17.04,88.536
367.544,15.05,89.1616
367.91,15.19,90.64128
368.277,18.17,91.69664
368.643,16.02,91.0384
369.009,18.93,89.68928
369.376,16.18,90.77728
369.742,16.28,88.91136
370.108,17.52,87.65472
370.474,18.61,88.02464
370.841,14.92,90.66304
371.207,17.99,97.34336
371.573,14.97,88.40544
371.939,17.63,88.95488
372.305,13.34,85.77792
372.671,16.53,88.28576
373.037,15.55,88.44896
373.403,15.58,87.68736
373.769,15.13,87.97568
374.134,20.08,92.47456
374.5,18.06,87.70912
374.866,20.18,90.29856
375.232,16.97,89.48256
375.597,17.63,91.19072
375.963,17.95,90.7664
376.328,18.78,90.35296
376.694,18.04,88.73728
377.06,19.13,89.6784
377.425,18.53,90.39648
377.79,19.56,92.0448
378.156,19.02,89.33024
378.521,17.52,90.48352
378.887,19.09,88.33472
379.252,15.79,86.69184
379.617,19.31,87.37184
379.982,18.09,90.1136
380.348,19.82,91.72384
380.713,18.26,88.1824
381.078,16.4,88.9984
381.443,19.1,88.5632
381.808,18.05,93.08384
382.173,17.77,87.38816
382.538,15.43,89.1072
382.903,18.59,91.88704
383.268,20.07,92.27872
383.633,19.32,92.59968
383.997,19.31,90.62496
384.362,17.56,88.11168
384.727,19.11,86.56672
385.092,19.7,90.77728
385.456,17.86,86.1152
385.821,20.99,90.1952
386.185,18.12,88.27488
386.55,19.5,87.5024
386.914,22.47,91.61504
387.279,18.82,88.46528
387.643,18.91,89.17792
388.008,18.23,88.4
388.372,19.52,90.1408
388.736,19.46,88.65024
389.101,18.49,88.62304
389.465,17.43,87.42624
389.829,19.41,90.25504
390.193,20.69,87.18688
390.557,18.87,93.08384
390.922,20.82,88.61216
391.286,18.88,88.4
391.65,19.64,90.39648
392.014,19.28,92.48544
392.378,18.27,92.5344
392.741,18.77,89.85792
393.105,21.46,87.00736
393.469,18.89,88.52512
393.833,19.03,91.6096
394.197,19,90.32576
394.56,21.03,87.5024
394.924,17.43,86.9312
395.288,19.43,85.71264
395.651,18.07,86.51232
396.015,18.42,88.66656
396.378,17.46,88.24224
396.742,18.22,83.74336
397.105,20.63,86.18592
397.469,16.37,85.52768
397.832,18.88,90.3312
398.195,19.6,87.312
398.559,15.75,90.14624
398.922,18.78,89.2704
399.285,19.21,89.2976
399.648,16.92,88.77536
400.011,17.93,87.6656
400.374,17.34,85.5712
400.738,17.11,90.82624
401.101,15.9,87.63296
401.464,16.09,87.05088
401.826,16.41,88.06816
402.189,17.22,88.808
402.552,16.48,88.1552
402.915,15.03,89.28672
403.278,13.42,89.09088
403.641,16.68,88.84608
404.003,15.66,89.70016
404.366,18.25,88.69376
404.729,18.47,88.97664
405.091,15.46,89.73824
405.454,15.18,88.9712
405.816,14.8,92.77376
406.179,16.72,86.18592
406.541,17.25,88.4816
406.904,16.98,88.55776
407.266,19.24,89.79808
407.628,15.57,87.29568
407.991,14.27,90.09184
408.353,13.88,86.0336
408.715,13.27,90.39648
409.077,15.36,87.52416
409.439,16.45,88.23136
409.802,16.45,90.36384
410.164,14.89,87.94848
410.526,18.07,90.99488
410.888,15.15,88.62848
411.25,14.9,87.27392
411.611,14.72,87.4208
411.973,16.63,86.13696
412.335,15.61,91.00032
412.697,13.91,89.81984
413.059,15.85,88.0464
413.42,14.57,90.02112
413.782,12.07,87.22496
414.144,14.95,87.59488
414.505,13.91,89.31936
414.867,12.64,90.07552
415.228,13.96,86.75712
415.59,13.4,88.33472
415.951,13.76,88.50336
416.313,14.7,89.41728
416.674,12.85,87.07264
417.035,14.76,89.91232
417.397,15.25,90.07552
417.758,16.48,88.6992
418.119,14.09,86.89312
418.48,13.43,90.11904
418.841,14.79,90.79904
419.203,14.89,88.76448
419.564,13.56,90.85888
419.925,12.84,89.64576
420.286,14.13,87.55136
420.646,13.67,90.53248
421.007,13.72,92.93152
421.368,14.35,90.24416
421.729,14.64,91.1744
422.09,13.51,86.7952
422.451,13.39,88.61216
422.811,14.33,89.44992
423.172,13.46,86.33824
423.533,13.53,88.7808
423.893,13.57,90.2224
424.254,14.09,89.26496
424.614,13.71,86.91488
424.975,14.1,88.91136
425.335,12.58,87.94848
425.695,13.1,87.6112
426.056,10.89,87.43168
426.416,12,89.8144
426.776,13.12,86.4144
427.137,13.61,86.02816
427.497,14.67,86.9856
427.857,14.09,88.5904
428.217,13.07,88.81888
428.577,14.3,89.98848
428.937,13.06,88.35104
429.297,12.55,88.66112
429.657,11.53,88.26944
430.017,13.03,88.72096
430.377,13.1,87.73632
430.737,13.17,90.02112
431.097,14.44,87.3664
431.456,12.58,86.47968
431.816,12.58,87.18688
432.176,15.39,88.4816
432.535,13.84,88.4816
432.895,15.17,89.74368
433.255,15.35,85.78336
433.614,13.61,89.6784
433.974,13.79,88.85696
434.333,13.61,87.42624
434.692,13.4,88.9984
435.052,13.73,87.05632
435.411,15.72,88.43264
435.77,14.53,87.07808
436.13,13.56,88.66656
436.489,13.86,87.65472
436.848,14.4,85.136
437.207,13.64,87.37184
437.566,13.61,88.63936
437.925,13.36,86.90944
438.284,14.58,85.82688
438.643,15.24,86.3328
439.002,13.99,86.94208
439.361,13.95,91.3376
439.72,14.38,87.992
440.079,14.47,89.63488
440.438,16.17,89.31392
440.796,14.53,89.5424
441.155,16.38,90.62496
441.514,15.96,89.81984
441.872,12.94,89.18336
442.231,13.51,87.83424
442.589,14.81,85.14144
442.948,16.59,88.52512
443.306,14.16,85.44064
443.665,15.48,87.82336
444.023,14.91,85.8432
444.381,14.67,89.86336
444.74,14.7,87.98656
445.098,16.1,87.48608
445.456,15.3,89.39008
445.814,15.34,88.16064
446.173,16.36,89.35744
446.531,14.82,88.9712
446.889,16.13,86.8768
447.247,16.45,89.25952
447.605,15.55,88.17696
447.963,16.59,87.31744
448.321,16.96,87.81792
448.678,16.74,87.02368
449.036,17.82,85.09248
449.394,17.7,87.97568
449.752,17.44,88.1824
450.109,15.92,86.31104
450.467,16.1,89.62944
450.825,17.44,88.31296
451.182,15.5,85.80512
451.54,17.42,90.57056
451.897,16.06,87.06176
452.255,16.38,89.04192
452.612,17.69,88.16064
452.97,16.77,87.56768
453.327,17.65,87.9104
453.684,18.41,86.43072
454.042,18.29,86.39264
454.399,17.13,85.23392
454.756,17.62,85.09248
455.113,16.51,85.77248
455.47,18.9,86.5776
455.827,16.48,87.0128
456.184,17.07,85.79968
456.541,18.73,87.83968
456.898,16.04,88.44896
457.255,16.77,86.67008
457.612,17.64,86.3872
457.969,18.51,88.44896
458.326,18.19,89.62944
458.682,19.38,88.4
459.039,18.51,89.42816
459.396,19.64,88.4544
459.752,19.37,89.0256
460.109,19.14,89.91232
460.465,20.62,88.63392
460.822,18.86,87.38816
461.178,18.93,85.3536
461.535,18.47,84.62464
461.891,19.95,85.13056
462.247,19.05,86.07712
462.604,20.58,87.29024
462.96,18.6,84.24928
463.316,19.61,87.11072
463.672,19.5,86.3056
464.029,19.48,85.85952
464.385,19.38,89.1072
464.741,21.1,86.14784
465.097,20.08,85.272
465.453,19.39,86.20768
465.809,20.57,85.56032
466.165,19.72,86.7136
466.52,19.44,86.77888
466.876,20.68,88.51424
467.232,20.45,89.86336
467.588,20.21,85.99008
467.943,20.39,85.77248
468.299,20.95,85.42432
468.655,19.25,85.58208
469.01,20.13,84.20576
469.366,21.48,86.53408
469.721,21.79,84.19488
470.077,20,86.96928
470.432,21.28,88.19872
470.787,20.62,88.08448
471.143,21.59,88.86784
471.498,22.44,87.90496
471.853,20.77,85.69088
472.208,22.28,88.25312
472.564,22.16,86.63744
472.919,21.41,88.91136
473.274,22.9,86.48512
473.629,23.28,87.55136
473.984,21.8,86.50144
474.339,21.87,86.13152
474.694,23.1,84.82048
475.049,22.34,87.43168
475.403,22.19,86.53408
475.758,22.24,85.44064
476.113,23.56,86.71904
476.468,22.67,88.07904
476.822,21.9,87.8016
477.177,24.24,87.6384
477.532,22.42,87.74176
477.886,22.62,89.68384
478.241,22.14,86.94208
478.595,23.4,88.11712
478.95,22.01,87.15424
479.304,23.46,87.19776
479.658,23.84,85.87584
480.013,22.81,87.3392
480.367,23.03,87.42624
480.721,22.62,88.43808
481.075,22.59,88.00288
481.429,23.71,88.29664
481.784,22.83,86.18048
482.138,23.13,87.23584
482.492,23.77,88.63392
482.846,24.56,90.25504
483.2,23.41,90.83712
483.553,24.39,88.41088
483.907,24.45,85.04352
484.261,24.09,80.00064
484.615,23.77,78.1728
484.969,23.01,79.11392
485.322,21.98,79.06496
485.676,21.38,79.26624
486.03,21.13,81.26272
486.383,22.4,82.7424
486.737,23.44,85.03808
487.09,23.92,87.03456
487.444,23.49,86.10976
487.797,22.67,86.54496
488.15,23.46,85.85408
488.504,23.8,85.36448
488.857,23.38,83.89024
489.21,22.24,82.4704
489.563,22.78,82.57376
489.917,23.2,83.03072
490.27,22.8,83.30272
490.623,22.99,84.66816
490.976,23.37,87.70912
491.329,24.61,87.49696
491.682,24.08,87.312
492.035,23.98,86.88224
492.387,22.75,84.93472
492.74,22.13,83.13952
493.093,22.75,82.144
493.446,21.41,82.12224
493.799,22.28,82.75872
494.151,22.42,81.25184
494.504,23.27,84.48864
494.856,23.51,85.03808
495.209,24.42,85.0544
495.561,23.57,87.24128
495.914,24.5,86.72992
496.266,24.49,86.8224
496.619,23.98,87.44256
496.971,24.47,87.39904
497.323,23.09,84.8096
497.676,22.83,86.80064
498.028,23.53,86.35456
498.38,22.36,85.77792
498.732,22.89,85.35904
499.084,24.16,86.76256
499.436,22.94,85.75072
499.788,24.06,85.91392
500.14,23.81,87.08352
500.492,23.03,84.28192
500.844,22.14,85.48416
501.196,24.18,85.26112
501.547,23.65,84.4016
501.899,23.23,85.3536
502.251,23.09,86.28384
502.603,23.76,87.56768
502.954,23.99,86.53952
503.306,22.75,87.0672
503.657,23.84,84.63552
504.009,23.89,87.11616
504.36,22.89,85.7888
504.712,22.41,87.68192
505.063,23.94,87.25216
505.414,23.54,84.84768
505.766,23.81,84.98368
506.117,23.35,84.2384
506.468,23.27,86.26752
506.819,22.89,85.03808
507.17,22.43,85.4624
507.521,23.39,86.92576
507.873,24.4,86.63744
508.224,23.6,86.72992
508.574,21.94,86.83328
508.925,24,85.9248
509.276,22.75,87.44256
509.627,23.32,87.38816
509.978,21.22,85.93024
510.329,24.17,85.72352
510.679,22.75,85.3808
511.03,20.8,86.84416
511.381,21.79,85.70176
511.731,22.21,86.72448
512.082,22.29,84.31456
512.432,22.47,87.176
512.783,21.7,84.6192
513.133,20.99,85.16864
513.483,20.92,85.8704
513.834,21.18,86.66464
514.184,22.36,86.13696
514.534,21.26,87.44256
514.884,21.88,85.39712
515.235,20.94,85.45696
515.585,21.53,87.02912
515.935,22.3,86.69184
516.285,20.16,86.10976
516.635,21.69,84.54848
516.985,21.76,87.18144
517.335,21.69,87.19776
517.684,21.7,86.7136
518.034,21.32,87.57856
518.384,21.75,87.95936
518.734,21.04,87.59488
519.084,20.31,85.47872
519.433,21.2,84.30368
519.783,21.04,85.35904
520.132,19.86,83.98272
520.482,20.77,84.31456
520.831,19.6,83.42784
521.181,20.42,85.6256
521.53,21.72,85.3264
521.88,20.59,85.82144
522.229,20.55,86.61568
522.578,20.63,87.0128
522.927,20.52,86.15872
523.277,19.83,86.52864
523.626,19.87,86.45248
523.975,21.34,86.16416
524.324,20.54,87.9648
524.673,20.64,86.45248
525.022,21.25,86.75712
525.371,20.16,87.22496
525.72,19.88,88.8624
526.068,21.1,88.44352
526.417,19.84,86.8768
526.766,19.69,85.95744
527.115,19.48,87.02368
527.463,20.58,86.42528
527.812,19.6,87.39904
528.161,19.9,86.90944
528.509,20.49,84.46688
528.858,19.94,79.84832
529.206,19.85,77.45472
529.555,19.77,78.22176
529.903,18.73,79.41856
530.251,17.78,79.74496
530.6,18.38,80.0496
530.948,18.76,80.75136
531.296,17.31,81.8176
531.644,18.85,83.29184
531.992,18.97,83.24288
532.34,18.26,85.4352
532.688,18.02,86.22944
533.036,18.79,87.97024
533.384,19.15,87.44256
533.732,18.48,86.26208
534.08,18.65,84.65184
534.428,18.23,82.75872
534.776,17.41,81.94272
535.123,17.3,82.32896
535.471,17.58,82.416
535.819,17.73,83.71072
536.166,18.81,84.47232
536.514,17.19,86.43616
536.861,18.7,86.29472
537.209,17.95,85.83232
537.556,17.77,87.15424
537.904,16.9,83.50944
538.251,17.79,84.7824
538.598,17.36,83.37344
538.946,17.56,84.92384
539.293,17.42,85.27744
539.64,18.29,85.80512
539.987,17.51,88.128
540.334,17.3,88.74816
540.681,17.5,88.60672
541.028,17.3,90.12992
541.375,17.22,88.10624
541.722,17.56,88.47072
542.069,17.62,85.02176
542.416,17.03,83.18304
542.763,16.59,83.1776
543.11,16.72,83.18848
543.456,17.07,82.42688
543.803,16.87,83.34624
544.15,16.71,83.37344
544.496,15.82,83.67808
544.843,15.04,84.87488
545.189,16.06,85.37536
545.536,16.92,83.79232
545.882,16.52,85.35904
546.228,16.7,86.64288
546.575,16.32,86.28384
546.921,16.41,87.32288
547.267,16.03,86.38176
547.613,16.15,86.30016
547.96,15.76,85.1632
548.306,15.29,84.54304
548.652,17.12,83.55296
548.998,15.97,83.93376
549.344,16.01,86.62656
549.69,16.62,85.91392
550.035,16.27,85.71808
550.381,16.79,85.10336
550.727,14.93,85.9792
551.073,15.88,86.32736
551.419,16.12,87.2848
551.764,15.8,87.30112
552.11,15.61,85.00544
552.455,16.05,86.75168
552.801,16.46,86.40896
553.146,16.74,86.86592
553.492,17.46,85.52768
553.837,16.28,86.58304
554.183,16.23,85.37536
554.528,15.64,86.85504
554.873,14.65,85.30464
555.219,16.39,83.91744
555.564,15.75,84.50496
555.909,14.94,86.1696
556.254,16.08,86.84416
556.599,16.69,87.67648
556.944,17.09,84.95104
557.289,15.62,86.5504
557.634,15.04,86.04992
557.979,14.47,88.09536
558.324,14.88,87.53504
558.669,15.5,85.98464
559.013,15.62,85.23392
559.358,13.77,86.65376
559.703,15,87.52416
560.047,14.9,89.0528
560.392,14.66,89.34112
560.736,14.24,88.57952
561.081,15.44,86.24032
561.425,14.34,87.94848
561.77,15.21,88.808
562.114,14.7,85.7072
562.458,14.7,83.9392
562.803,15.94,85.27744
563.147,16.24,85.136
563.491,16.43,85.60928
563.835,16.25,88.14432
564.179,14.88,86.76256
564.523,15.02,87.29024
564.867,15.61,89.4064
565.211,15.6,87.57856
565.555,15.63,88.6176
565.899,14.91,86.8768
566.243,15.04,88.54144
566.587,14.84,86.5232
566.931,15.34,84.65728
567.274,13.29,86.24576
567.618,15.17,85.54944
567.962,14.39,85.5168
568.305,14.21,88.57952
568.649,15.01,85.64736
568.992,15.15,88.73184
569.336,15.44,85.78336
569.679,15.35,85.31008
570.022,15.87,85.32096
570.366,15.31,89.96128
570.709,14.41,86.62112
571.052,16.65,84.9184
571.395,15.68,88.13344
571.739,14.71,86.34912
572.082,14.54,88.1552
572.425,15.62,87.38816
572.768,15.77,87.38272
573.111,15.2,86.39808
573.454,14.34,86.59392
573.796,14.15,86.32736
574.139,14.91,86.38176
574.482,15.57,85.09792
574.825,16.01,83.60192
575.167,15.54,86.1696
575.51,15.91,86.53952
575.853,14.63,85.11424
576.195,15.67,86.59392
576.538,15.76,83.54752
576.88,15.74,83.62912
577.223,15.81,83.2864
577.565,14.42,85.80512
577.907,14.63,83.65088
578.25,15.75,84.42336
578.592,16.58,85.14688
578.934,15.26,84.64096
579.276,15.76,85.09248
579.618,16.17,87.50784
579.961,14.73,86.59392
580.303,14.06,85.11968
580.645,14.84,84.184
580.986,15.37,84.76064
581.328,16.48,87.39904
581.67,15.55,84.09152
582.012,15.98,82.9328
582.354,14.93,85.4624
582.696,15.98,86.38176
583.037,15.74,84.11328
583.379,15.7,87.09984
583.72,15.01,85.52224
584.062,15.87,83.48768
584.403,14.81,84.33632
584.745,15.52,85.73984
585.086,17.7,86.02816
585.428,15.16,86.02272
585.769,15.94,87.02368
586.11,16.17,86.39264
586.452,16.55,84.67904
586.793,17.05,88.8352
587.134,15.53,88.9984
587.475,15.6,86.18592
587.816,17.2,87.06176
588.157,15.88,86.99104
588.498,16.15,86.47424
588.839,18.13,87.91584
589.18,17.17,85.6256
589.521,17.06,87.02368
589.861,16.9,86.18592
590.202,16.19,87.42624
590.543,16.64,87.84512
590.883,17.71,84.77152
591.224,16.57,85.35904
591.565,16.49,87.72
591.905,15.92,86.98016
592.246,16.51,85.60384
592.586,18.43,83.48224
592.926,18.43,84.70624
593.267,17.05,86.21312
593.607,17.94,85.4352
593.947,17.68,85.42976
594.288,17.66,86.55584
594.628,17.57,86.33824
594.968,18.35,88.02464
595.308,16.83,87.4208
595.648,16.72,87.81792
595.988,18.49,88.97664
596.328,18.28,88.82976
596.668,18.04,87.55136
597.008,17.22,87.95936
597.347,18.18,87.18144
597.687,18.32,87.07264
598.027,17.85,86.904
598.366,17.4,83.86848
598.706,16.99,83.06336
599.046,18.73,85.78336
599.385,19.06,82.8512
599.725,18.88,83.17216
600.064,19.58,84.88032
600.404,18.01,87.86144
600.743,18.55,84.80416
601.082,17.67,87.21408
601.421,19.16,86.904
601.761,18.59,86.74624
602.1,18.18,85.75072
602.439,19.54,87.40992
602.778,19.08,85.39712
603.117,19.14,86.36544
603.456,18.74,87.86144
603.795,21.33,87.24128
604.134,18.57,88.44352
604.473,20.37,86.70272
604.812,19.96,89.52064
605.15,19.61,87.75264
605.489,19.24,85.85952
605.828,19.5,85.82688
606.166,18.64,84.70624
606.505,18.61,82.93824
606.843,18.61,83.4224
607.182,19.89,84.76064
607.52,19.44,84.00992
607.859,18.23,85.31008
608.197,19.85,87.3664
608.535,20.61,84.49408
608.874,19.84,87.02912
609.212,20.55,87.70368
609.55,21.21,85.9792
609.888,21.21,87.2576
610.226,20.13,86.84416
610.564,20.71,84.6736
610.902,18.95,85.2992
611.24,20.26,85.03264
611.578,20.08,84.4832
611.916,19.31,81.71968
612.254,19.47,86.34368
612.592,20.46,84.45056
612.929,19.69,84.2656
613.267,22.69,84.46688
613.605,20.43,85.21216
613.942,18.93,83.97184
614.28,21.17,84.1296
614.617,21.46,85.01088
614.955,22.74,87.14336
615.292,20.08,83.0144
615.63,21.65,85.53312
615.967,21.32,87.65472
616.304,23.15,86.16416
616.641,22.03,86.26208
616.978,21.91,82.84576
617.316,21.79,88.11712
617.653,22.46,86.18048
617.99,22.52,86.31648
618.327,22.41,87.97568
618.664,20.49,85.67456
619.001,23.15,87.68192
619.337,21.84,84.4288
619.674,22.35,84.6736
620.011,23.08,85.21216
620.348,21.35,84.74976
620.684,22.58,82.75872
621.021,20.98,85.19584
621.358,22.72,83.44416
621.694,21.55,88.0464
622.031,24.29,85.75072
622.367,23.69,83.97728
622.703,23.66,85.09792
623.04,25.52,86.3056
623.376,24.44,87.92672
623.712,23.63,85.65824
624.049,23.91,84.18944
624.385,22.96,86.47968
624.721,23.42,86.54496
625.057,24.48,88.7264
625.393,23.6,85.68
625.729,22.87,82.78592
626.065,26.23,86.68096
626.401,24.12,86.73536
626.737,25.9,87.2304
627.072,24.88,85.52224
627.408,26.39,84.52672
627.744,23.93,83.2048
628.08,24.73,80.25088
628.415,23.03,86.70272
628.751,24.32,83.1776
629.086,23.59,83.68352
629.422,25.44,83.11776
629.757,25.1,86.16416
630.093,26.07,84.49952
630.428,23.17,83.78144
630.763,23.53,83.00896
631.098,26.02,86.89856
631.434,24.23,83.93376
631.769,24.23,84.90208
632.104,24.81,83.84128
632.439,23.94,82.5792
632.774,24.91,82.50848
633.109,24.53,87.55136
633.444,24.27,84.46144
633.779,25.99,86.59392
634.114,25.2,85.34272
634.448,27.88,86.7136
634.783,27.1,84.10784
635.118,24.84,83.97184
635.453,27.55,84.55392
635.787,25.11,84.43424
636.122,25.91,83.5584
636.456,25.43,85.64736
636.791,25.49,82.09504
637.125,26,84.20576
637.459,24.91,88.54144
637.794,25.29,84.23296
638.128,26.45,82.06784
638.462,26.62,83.35712
638.796,26.96,87.29024
639.131,26.18,85.99008
639.465,25.14,83.776
639.799,28.07,85.7616
640.133,27.35,84.33632
640.467,26.55,83.97728
640.801,27.59,84.55392
641.134,24.73,86.496
641.468,24.75,84.36896
641.802,26.51,87.61664
642.136,27.72,84.35808
642.469,27.04,85.50592
642.803,29.98,85.69632
643.137,26.14,85.56576
643.47,27.39,86.6592
643.804,29.54,85.07616
644.137,29.93,84.30912
644.471,25.12,85.4896
644.804,25.67,84.592
645.137,29.43,83.98816
645.47,28.19,86.01184
645.804,28.07,86.4688
646.137,26.77,83.67808
646.47,29.21,85.6256
646.803,27.03,86.54496
647.136,29.7,87.4208
647.469,28.42,85.8432
647.802,28.12,85.30464
648.135,28.22,84.184
648.468,28.98,87.8016
648.8,29.93,84.33088
649.133,30.35,84.74976
649.466,30.74,86.4688
649.798,30.54,86.17504
650.131,28.85,83.6672
650.464,30.43,85.4896
650.796,29.5,85.75616
651.129,30.45,83.19392
651.461,29.72,85.95744
651.793,29.43,83.32992
652.126,28.99,85.47872
652.458,27.32,85.31008
652.79,31.81,82.96544
653.122,28.84,84.48864
653.455,30.43,84.88576
653.787,32.09,83.40608
654.119,26.86,88.33472
654.451,27.71,81.74144
654.783,30.18,88.13888
655.114,28.66,83.30272
655.446,27.78,82.21472
655.778,29.16,88.48704
656.11,29.21,84.30912
656.442,30.06,84.76064
656.773,27.42,86.62112
657.105,30.2,87.32288
657.436,28.65,86.36
657.768,28.51,86.66464
658.099,29.63,85.91392
658.431,27.16,82.59008
658.762,30.39,85.13056
659.094,29.54,84.32
659.425,29.08,89.81984
659.756,30.71,86.28384
660.087,31.63,85.07072
660.418,29.93,87.87776
660.75,27.08,86.27296
661.081,28.54,83.0688
661.412,28.8,83.80864
661.743,27.39,82.70432
662.074,32.05,83.2864
662.404,30.95,82.21472
662.735,28.29,81.81216
663.066,29.82,82.12224
663.397,30.33,82.144
663.727,28.39,84.92384
664.058,32.38,84.11328
664.389,30.67,82.10048
664.719,27.68,81.69248
665.05,30.86,80.85472
665.38,27.39,83.00896
665.71,31.87,86.39264
666.041,30.26,86.20224
666.371,32.54,83.93376
666.701,30.11,85.64736
667.031,30.16,81.61088
667.362,28.48,84.7824
667.692,30.95,87.4208
668.022,30.62,82.24192
668.352,30.55,82.552
668.682,32.91,85.5712
669.012,30.17,88.47616
669.342,25.99,87.67104
669.671,30.07,85.4896
670.001,32.09,85.08704
670.331,32.53,86.54496
670.661,29.8,83.11232
670.99,32.81,83.52032
671.32,30.51,84.23296
671.649,33.41,80.87104
671.979,32.77,83.03072
672.308,31.72,85.45696
672.638,29.89,82.50304
672.967,33.21,87.02912
673.296,31.08,83.10144
673.626,32.59,85.99552
673.955,31.13,87.1488
674.284,33.47,85.69632
674.613,33.53,82.688
674.942,33.87,86.66464
675.271,33.33,86.04992
675.6,32.17,85.06528
675.929,30.29,83.26464
676.258,32.8,84.68992
676.587,30.13,84.62464
676.915,32.27,85.6528
677.244,33.08,83.42784
677.573,31.03,81.29536
677.901,31.92,83.32448
678.23,32.99,85.39168
678.559,33.97,84.2384
678.887,32.66,84.43968
679.216,31.21,85.7072
679.544,32.66,81.89376
679.872,32.34,86.22944
680.201,32.19,85.6528
680.529,32.64,84.01536
680.857,30.67,84.39616
681.185,31.63,82.2256
681.513,30.3,85.85408
681.841,32.24,84.35808
682.169,29.97,86.904
682.497,28.22,85.75616
682.825,28.98,87.02368
683.153,31.86,83.92288
683.481,29.93,82.35072
683.809,32.53,78.05856
684.136,31.37,86.83872
684.464,33.1,85.26112
684.792,30.44,80.21824
685.119,31.48,85.01088
685.447,34.37,85.44608
685.774,29.41,85.77792
686.102,30.4,82.91104
686.429,31.06,84.63552
686.756,34.47,87.87232
687.084,33.55,86.20768
687.411,31.09,85.15776
687.738,33.78,84.95648
688.065,32.56,85.74528
688.392,29.06,84.06432
688.719,31.5,83.27552
689.046,34.03,87.64384
689.373,30.24,85.408
689.7,34.85,83.93376
690.027,33.79,80.03328
690.354,31.99,82.3616
690.681,29.94,85.76704
691.007,32.54,85.60384
691.334,33.6,84.65728
691.661,33.81,83.24832
691.987,33,79.97344
692.314,30.33,83.50944
692.64,31.86,82.72064
692.967,30.26,86.768
693.293,32.81,84.50496
693.619,32.53,80.56096
693.946,30.76,82.93824
694.272,30.97,84.40704
694.598,31.89,78.80928
694.924,31.51,88.05184
695.25,34.88,84.30368
695.576,35.04,88.40544
695.902,30.88,85.7888
696.228,30.04,84.68992
696.554,33.05,82.1168
696.88,31.22,83.00352
697.206,35.69,83.77056
697.531,33.04,84.72256
697.857,31.19,84.46144
698.183,31.66,85.30464
698.508,34.83,87.78528
698.834,31.68,86.16416
699.159,32.63,86.24032
699.485,33.25,82.62816
699.81,30.52,87.2848
700.136,32.88,84.27648
700.461,34.69,81.07776
700.786,31.74,81.77952
701.111,31.82,79.1248
701.437,30.72,84.52128
701.762,28.43,81.85568
702.087,31.8,84.45056
702.412,30.26,80.64256
702.737,32.91,81.464
703.062,34.72,80.78944
703.387,33.14,83.6944
703.711,31.27,80.30528
704.036,30.88,84.70624
704.361,31.31,80.82752
704.686,34.74,78.28704
705.01,29.63,79.97888
705.335,32.27,82.4976
705.659,28.34,86.22944
705.984,31.21,84.31456
706.308,29.58,83.29184
706.633,33.33,79.35872
706.957,30.66,83.86304
707.281,31.78,82.7424
707.605,29.76,82.99808
707.93,32.06,85.59296
708.254,32.96,82.22016
708.578,32.07,82.54656
708.902,27.32,85.9792
709.226,35.98,85.816
709.55,31.59,83.2048
709.874,35.05,82.37248
710.198,31.28,81.20832
710.521,33.95,86.18048
710.845,30.55,84.06432
711.169,36.99,81.39328
711.492,30.88,86.74624
711.816,28.95,79.5328
712.14,32.33,83.60192
712.463,32.19,83.67808
712.787,31.41,82.90016
713.11,35.3,84.03712
713.433,36.74,84.184
713.757,32.2,82.4704
714.08,35.11,83.69984
714.403,30.78,80.92
714.726,32.49,86.63744
715.049,31.91,82.824
715.372,33.98,85.22848
715.695,32.76,81.65984
716.018,31.31,85.8976
716.341,29.96,83.15584
716.664,31.95,82.5792
716.987,32.94,84.6192
717.31,31.53,81.33344
717.632,34.22,79.44032
717.955,32.37,80.29984
718.278,29.47,83.86304
718.6,31.43,84.456
718.923,31.75,81.88832
719.245,30.3,79.13568
719.568,35.3,83.26464
719.89,31.7,82.78592
720.212,28.19,84.22208
720.535,36.43,81.2464
720.857,37.24,83.18304
721.179,35.96,83.90656
721.501,29.43,78.08032
721.823,34.84,83.1776
722.145,30.27,78.33056
722.467,30.87,88.0736
722.789,28.5,81.12128
723.111,23.9,83.74336
723.433,25.55,83.72704
723.755,27.83,88.00288
724.076,27.8,84.30368
724.398,29,81.736
724.72,33.72,86.53952
725.041,28.61,87.992
725.363,35.93,85.01632
725.684,39.13,86.07168
726.006,37.38,83.83584
726.327,36.78,85.42432
726.648,29.9,83.35168
726.97,29.34,87.63296
727.291,34.41,84.71168
727.612,30.44,85.28288
727.933,31.22,80.02784
728.254,29.52,79.47296
728.575,33.1,83.12864
728.896,29.37,86.58304
729.217,33.95,85.14144
729.538,30.98,81.5184
729.859,27.19,82.3616
730.18,29.97,83.11776
730.501,34.84,80.4576
730.821,30.31,80.7296
731.142,31.62,85.15232
731.462,33.17,82.8784
731.783,27.98,80.09312
732.103,30.1,84.6464
732.424,30.27,82.91104
732.744,29.08,79.424
733.065,25.01,83.57472
733.385,31.16,85
733.705,29.11,82.9056
734.025,27.77,82.91648
734.345,29.4,82.88384
734.666,28.56,81.91552
734.986,29.49,79.43488
735.306,27.28,82.59008
735.626,31.41,81.45312
735.945,29.87,81.06688
736.265,31.76,80.96896
736.585,30.85,79.24448
736.905,32.92,81.04512
737.224,27.02,83.19936
737.544,25.33,84.00448
737.864,27.5,78.24896
738.183,34.9,89.99392
738.503,33.2,87.94848
738.822,29.45,82.79136
739.142,23.31,81.12128
739.461,36.95,85.544
739.78,33.01,81.91552
740.099,31.66,87.5024
740.419,30.91,80.30528
740.738,28.44,80.60448
741.057,24.22,84.26016
741.376,27.2,78.73312
741.695,30.88,85.47328
742.014,23.93,83.07968
742.333,28.7,83.78688
742.652,27.96,86.27296
742.97,25.56,78.89632
743.289,29.09,84.11328
743.608,31.1,86.6864
743.926,31.17,81.7904
744.245,30.57,83.41152
744.564,30.28,83.22112
744.882,28.09,82.58464
745.2,28.76,80.69696
745.519,27.14,81.72512
745.837,28.45,87.856
746.155,31.47,85.09248
746.474,26.23,85.15776
746.792,28.86,84.66272
747.11,29.45,81.75776
747.428,22.04,78.39584
747.746,30.28,83.54208
748.064,30.8,85.41888
748.382,24.56,89.0256
748.7,30.57,82.90016
749.018,31.63,83.79776
749.336,26.27,80.0224
749.653,28.54,80.7296
749.971,28.15,82.28544
750.289,29.91,82.0352
750.606,31.97,83.58016
750.924,28.15,85.9792
751.241,24.83,80.65344
751.559,27.88,81.17024
751.876,26.43,77.52544
752.193,22.17,82.07872
752.511,27.58,83.98272
752.828,33.87,86.70272
753.145,26.86,88.21504
753.462,29.31,78.56992
753.779,28.44,83.17216
754.096,26.14,82.24192
754.413,23.1,76.7856
754.73,26.65,79.8864
755.047,27.6,85.86496
755.364,26.55,76.72032
755.681,31.64,89.19424
755.997,24.46,82.58464
756.314,29.42,85.03808
756.631,26.48,76.86176
756.947,28.4,84.94016
757.264,27.04,80.47392
757.58,24.16,85.15232
757.897,26.25,85.6528
758.213,20.28,86.88768
758.529,28.77,86.29472
758.846,27.28,83.95552
759.162,24.31,84.7008
759.478,24.72,79.70688
759.794,27.1,79.94624
760.11,28.15,85.86496
760.426,25.21,83.38432
760.742,30.99,78.0368
761.058,24.05,85.1904
761.374,27.46,82.3344
761.69,25.13,83.97728
762.006,27.11,79.76128
762.321,29.97,76.54624
762.637,28.93,86.26752
762.953,27,88.82432
763.268,29.91,89.84704
763.584,27.05,87.32288
763.899,27.42,89.92864
764.214,28.38,87.6928
764.53,27.2,85.53856
764.845,25.33,88.10624
765.16,31.4,84.06432
765.476,25.35,83.31904
765.791,29.02,79.73408
766.106,28.81,78.18912
766.421,30.06,84.90752
766.736,28.34,81.32256
767.051,28.56,82.43232
767.366,29.35,87.6112
767.681,21.18,76.57344
767.995,25.27,82.35072
768.31,29.9,82.18752
768.625,24.53,81.69792
768.939,27.57,80.104
769.254,30.93,85.69632
769.568,31.63,86.88224
769.883,21.37,80.69696
770.197,21.88,84.3472
770.512,22.92,88.47072
770.826,24.35,84.73344
771.14,24.36,77.83008
771.455,30.22,82.82944
771.769,25.74,90.5216
772.083,25.5,81.33344
772.397,25.36,93.12192
772.711,26.16,80.69696
773.025,25.16,83.46592
773.339,24.58,83.60192
773.653,20.39,92.98048
773.967,21.39,86.87136
774.28,20.45,79.30432
774.594,25.12,86.94208
774.908,22.7,86.76256
775.221,28.58,84.54304
775.535,35.86,84.84768
775.848,27.63,86.92032
776.162,33.01,85.41344
776.475,21.87,81.86656
776.789,21.27,78.37952
777.102,28.2,80.41408
777.415,35.79,87.31744
777.728,16.49,83.82496
778.042,19.81,91.528
778.355,23.27,81.77952
778.668,23.38,91.75648
778.981,19.96,86.68096
779.294,18.5,79.67968
779.607,19.69,78.92896
779.919,26.07,76.63328
780.232,17.84,81.15936
780.545,23.31,79.2064
780.858,19.88,79.61984
781.17,27.7,77.61248
781.483,23.29,87.0128
781.795,32.44,79.42944
782.108,21,82.3616
782.42,22.87,81.64352
782.733,26.31,92.15904
783.045,30.58,90.44
783.357,18.73,83.11776
783.669,26.88,90.9296
783.982,24.3,88.82976
784.294,14.38,83.24832
784.606,19.1,82.07328
784.918,28.4,76.84544
785.23,24.34,86.78976
785.542,21.39,89.8416
785.854,25.17,83.48224
786.165,26.22,90.0592
786.477,24.01,93.84
786.789,12.9,86.72992
787.101,26.81,77.29696
787.412,28.87,87.67648
787.724,25.48,84.33632
788.035,28.9,91.72384
788.347,15.63,86.94752
788.658,19.97,87.67104
788.969,21.8,80.53376
789.281,19.27,88.264
789.592,29.78,91.19072
789.903,21.69,82.80768
790.214,18.74,88.06272
790.525,23.9,88.76992
790.836,23.18,93.58432
791.147,15.07,84.91296
791.458,21,83.92832
791.769,16.62,85.72352
792.08,19.47,94.00864
792.391,13.61,84.54848
792.701,23.62,82.95456
793.012,30.85,81.58912
793.323,23.99,83.92288
793.633,26.65,87.37728
793.944,22.64,88.05728
794.254,31.51,94.9824
794.565,21.53,87.54592
794.875,22.31,86.08256
795.185,31.91,91.38656
795.496,20.46,89.12352
795.806,21.89,78.83104
796.116,31.36,93.16544
796.426,10.82,90.7936
796.736,18.66,92.14272
797.046,13.76,93.84544
797.356,18.62,79.21728
797.666,20.38,77.928
797.976,15.56,81.42048
798.285,17.48,84.24384
798.595,10.66,86.1152
798.905,18.14,77.48736
799.214,23.97,85.56576
799.524,20.59,79.60352
799.834,29,82.24192
800.143,24.58,87.89952
800.452,17.81,87.03456
800.762,15.82,88.48704
801.071,13.96,83.54208
801.38,24.28,86.18592
801.69,33.97,90.1408
801.999,26.9,87.21952
802.308,28.05,90.80992
802.617,23.92,83.19392
802.926,16.01,86.52864
803.235,22.44,92.13728
803.544,33.2,90.55968
803.853,5.72,78.31968
804.161,17.65,87.1216
804.47,20.02,89.06368
804.779,23.84,87.02912
805.087,26.73,86.62112
805.396,22.11,94.50368
805.704,14.52,89.90144
806.013,23.76,87.6656
806.321,16.67,84.60832
806.63,13.19,76.17088
806.938,17.41,80.68064
807.246,12.59,88.92768
807.554,8.19,89.43904
807.863,28.15,92.69216
808.171,10.36,82.59008
808.479,32.11,92.3712
808.787,15.49,76.55168
809.095,18.47,95.2
809.403,14.96,83.11232
809.71,14.74,98.192
810.018,15.08,96.69056
810.326,16.01,84.74432
810.634,21.89,95.42304
810.941,16.99,81.83392
811.249,29.5,84.63008
811.556,40.54,86.46336
811.864,29.5,93.41568
812.171,25.75,97.3488
812.479,27.83,82.7968
812.786,26.02,85.77248
813.093,31.19,92.64864
813.4,21.04,96.3968
813.708,12.31,92.616
814.015,15.34,94.53632
814.322,3.08,79.63616
814.629,17.73,87.27936
814.936,31.45,92.71936
815.243,-2.24,77.83552
815.549,15.14,84.9456
815.856,16.74,84.88032
816.163,-1.81,94.36768
816.47,17.88,99.9872
816.776,8.87,96.02144
817.083,11.17,85.77792
817.389,24.68,80.68608
817.696,6.15,105.95488
818.002,23.86,101.43424
818.309,18.13,87.9648
818.615,18.94,93.03488
818.921,23,86.46336
819.227,19.8,96.59264
819.533,-13.58,85.2992
819.84,3.61,97.73504
820.146,-8.43,105.09536
820.452,6.1,95.064
820.758,8.24,88.21504
821.063,9.11,87.84512
821.369,14.84,100.86304
821.675,12.02,96.59808
821.981,16.96,98.8176
822.286,17.22,99.7424
822.592,19.14,106.216
822.898,17.67,105.98208
823.203,17.53,108.03296
823.509,15.68,101.24384
823.814,18.86,95.40672
824.119,16.97,93.80192
824.425,17,83.79232
824.73,14.94,86.19136
825.035,12.68,85.46784
825.34,12.94,81.43136
825.645,20.18,74.39744
825.95,9.83,79.4512
826.255,12.31,81.33344
826.56,17.51,85.36992
826.865,10.12,88.944
827.17,8.47,88.9168
827.475,12.94,101.80416
827.779,21.07,99.62272
828.084,14.41,101.32544
828.389,11.41,92.9424
828.693,17.34,99.61184
828.998,12.9,88.28576
829.302,13.67,89.1616
829.607,3.34,86.0064
829.911,9.77,78.99424
830.215,10.65,84.66272
830.519,17.34,80.55552
830.824,16.09,82.86752
831.128,4.05,84.22752
831.432,14.38,79.0976
831.736,11.4,91.5552
832.04,15.27,87.76896
832.344,25.14,85.81056
832.647,12.97,95.51008
832.951,18.24,92.94784
833.255,18.76,89.55328
833.559,22.57,93.8944
833.862,9.76,90.51072
834.166,11.61,100.97184
834.469,18.6,102.69632
834.773,15.35,109.43648
835.076,18.46,98.17568
835.38,18.31,92.24608
835.683,11.2,96.9408
835.986,-3.64,93.53536
836.29,6.24,96.424
836.593,7.12,90.1408
836.896,-4.57,87.0944
837.199,18.42,78.97248
837.502,15.15,92.43104
837.805,-2,83.22656
838.108,9.65,74.95232
838.411,31.23,83.35712
838.713,20.21,86.01728
839.016,-19,80.7296
839.319,11.79,82.95456
839.621,26.92,87.34464
839.924,-18.03,107.94592
840.226,10.93,86.20768
840.529,-12.88,95.98336
840.831,15.41,81.90464
841.134,34.26,96.0432
841.436,6.14,95.24896
841.738,12.59,91.08736
842.04,-0.17,92.52352
842.343,29.46,75.32768
842.645,-36.06,104.4208
842.947,-8.31,79.45664
843.249,-7.68,95.99424
843.551,21.17,92.52896
843.852,10.21,89.28672
844.154,12.94,108.82176
844.456,5.2,101.52672
844.758,3.15,77.10656
845.059,22.92,84.3472
845.361,7.21,107.58688
845.662,4.68,135.04256
845.964,32.19,81.18656
846.265,7.64,116.35072
846.567,-52.6,74.8816
846.868,-15.5,74.79456
847.169,39.22,110.61696
847.471,-6.76,114.89824
847.772,22.6,88.82976
848.073,2.55,76.04032
848.374,-41.01,82.67168
848.675,7.49,118.0208
848.976,2.32,95.472
849.277,38.89,84.90208
849.578,-15.8,119.04896
849.878,-22.26,88.3728
850.179,-146.63,93.24704
850.48,24.65,115.96992
850.78,-92.7,75.09376
851.081,-0.33,98.36064
851.381,8.97,69.93664
851.682,-23.05,108.3104
851.982,-45.51,76.32864
852.283,-25.18,98.42048
852.583,33.22,76.0512
852.883,-17.52,57.15264
853.183,-23.91,98.32256
853.484,28.43,116.96544
853.784,-109.65,87.52416
854.084,26.95,97.65888
854.384,-5.1,82.05152
854.684,153.08,82.6608
854.983,-42.59,78.1728
855.283,93.48,75.30048
855.583,-36.05,75.40384
855.883,36.77,125.9088
856.182,28.01,95.064
856.482,-31.82,96.63616
856.781,-40.09,68.03264
857.081,20.05,119.45696
857.38,15.13,126.49088
857.68,14.24,94.62336
857.979,-6.31,92.0448
858.278,-46.97,69.75168
858.577,-26.55,95.67872
858.877,47.6,113.79936
859.176,25.57,138.94304
859.475,68.92,108.84352
859.774,-84.48,100.21568
860.073,-114.1,247.20448
860.372,4.97,101.03712
860.67,-17.12,113.81024
860.969,-6.44,64.5184
861.268,30.68,81.88288
861.567,5.9,62.2064
861.865,-21.13,118.6464
862.164,82.32,96.05408
862.462,23.1,83.65088
862.761,38.49,109.5344
863.059,43.89,92.73568
863.357,-121.43,83.98272
863.656,-0.32,67.47232
863.954,42.12,90.168
864.252,-5.96,64.66528
864.55,8.56,67.65184
864.848,-27.61,99.42688
865.146,11.62,103.38176
865.444,-8.67,69.77888
865.742,-4450,99.01344
866.04,-98.28,131.01152
866.338,20.67,86.75712
866.635,-59.68,111.50368
866.933,-9.2,96.79392
867.231,27.78,108.84896
867.528,-26.92,76.19808
867.826,-8.76,79.76672
868.123,48.82,71.42176
868.421,42.52,64.0288
868.718,-110.87,97.30528
869.015,-5.29,203.33088
869.312,-24.12,150.32896
869.61,-44.92,101.63552
869.907,44.41,154.12064
870.204,45.38,141.69024
870.501,544.74,118.4016
870.798,-5.75,83.53664
871.095,62.7,142.68576
871.392,5.73,100.70528
871.688,152.86,138.24672
871.985,12.86,148.63712
872.282,-73.81,109.616
872.578,54.44,195.2416
872.875,-27.14,88.3184
873.171,-377.91,119.79424
873.468,-164.55,76.63328
873.764,31.98,92.76832
874.061,-16.09,68.03808
874.357,-233.87,91.7456
874.653,-47.2,126.79008
874.949,-70.78,127.9216
875.246,11.15,179.1936
875.542,147.67,85.91392
875.838,100.65,121.56224
876.134,93.72,75.10464
876.429,-41.53,132.55104
876.725,-27.33,362.16256
877.021,240.91,70.64384
877.317,92.86,113.46752
877.613,59.43,81.25184
877.908,-47.4,96.48928
878.204,-11.64,81.55648
878.499,-89.53,91.21248
878.795,-497.37,125.0112
879.09,-27.32,105.93312
879.386,-56.45,102.41888
879.681,-60.81,90.95136
879.976,-32.01,108.83808
880.271,-117.82,111.9824
880.566,23.23,104.76896
880.862,-36.61,117.776
881.157,5.35,113.85376
881.452,-77.47,114.34336
881.746,-23.02,149.38784
882.041,-16.67,149.4912
882.336,-19.89,154.29472
882.631,-15.49,134.25376
882.926,-9.51,133.20928
883.22,-20.31,117.64
883.515,-27.76,122.6992
883.809,-42.8,101.28192
884.104,3.72,104.35008
884.398,-26.23,95.06944
884.692,17.53,96.35872
884.987,-46.86,78.65152
885.281,11.93,73.21152
885.575,-21.53,64.4096
885.869,0.72,68.816
886.163,-115.85,88.04096
886.457,-145.89,117.01984
886.751,-8.4,75.82816
887.045,-68.05,77.56896
887.339,-81.88,105.38912
887.633,-55.88,105.55776
887.927,-1.72,130.87552
888.22,-12.75,74.66944
888.514,-45.7,94.11744
888.808,50,145.78656
889.101,-30.82,121.79616
889.395,-23.68,193.58784
889.688,-405.56,97.92
889.981,42.77,96.51104
890.275,13.16,155.176
890.568,-40.83,108.8544